Code;Team1;Team2;Id_season;Result1;Result2;;;;;;;;;;;;;
22631;1026;1017;13579;99;111;;;;;;;;;;;;;
22632;1017;1026;13579;104;96;;;;;;;;;;;;;
22633;1023;1021;13579;108;125;;;;;;;;;;;;;
22634;1006;1010;13579;102;105;;;;;;;;;;;;;
22635;1024;1009;13579;130;126;;;;;;;;;;;;;
22636;1004;1001;13579;106;114;;;;;;;;;;;;;
22637;1025;1005;13579;99;112;;;;;;;;;;;;;
22638;1009;1028;13579;122;127;;;;;;;;;;;;;
22639;1020;1022;13579;101;96;;;;;;;;;;;;;
22640;1001;1003;13579;107;144;;;;;;;;;;;;;
22641;1030;1018;13579;121;122;;;;;;;;;;;;;
22642;1002;1023;13579;126;129;;;;;;;;;;;;;
22643;1012;1013;13579;109;113;;;;;;;;;;;;;
22644;1007;1011;13579;107;108;;;;;;;;;;;;;
22645;1014;1029;13579;122;105;;;;;;;;;;;;;
22646;1010;1028;13579;102;108;;;;;;;;;;;;;
22647;1009;1027;13579;103;122;;;;;;;;;;;;;
22648;1016;1024;13579;115;107;;;;;;;;;;;;;
22649;1020;1022;13579;98;103;;;;;;;;;;;;;
22650;1001;1004;13579;112;101;;;;;;;;;;;;;
22651;1025;1023;13579;101;109;;;;;;;;;;;;;
22652;1008;1018;13579;128;125;;;;;;;;;;;;;
22653;1014;1007;13579;108;105;;;;;;;;;;;;;
22654;1012;1015;13579;92;98;;;;;;;;;;;;;
22655;1028;1011;13579;102;103;;;;;;;;;;;;;
22656;1027;1029;13579;120;87;;;;;;;;;;;;;
22657;1016;1006;13579;124;133;;;;;;;;;;;;;
22658;1024;1019;13579;122;111;;;;;;;;;;;;;
22659;1013;1030;13579;104;120;;;;;;;;;;;;;
22660;1021;1023;13579;129;125;;;;;;;;;;;;;
22661;1029;1011;13579;105;110;;;;;;;;;;;;;
22662;1017;1003;13579;121;112;;;;;;;;;;;;;
22663;1019;1020;13579;133;138;;;;;;;;;;;;;
22664;1018;1012;13579;115;117;;;;;;;;;;;;;
22665;1028;1013;13579;124;132;;;;;;;;;;;;;
22666;1010;1023;13579;108;97;;;;;;;;;;;;;
22667;1006;1016;13579;102;116;;;;;;;;;;;;;
22668;1021;1025;13579;121;115;;;;;;;;;;;;;
22669;1011;1009;13579;112;116;;;;;;;;;;;;;
22670;1004;1002;13579;127;119;;;;;;;;;;;;;
22671;1027;1030;13579;99;89;;;;;;;;;;;;;
22672;1019;1024;13579;103;117;;;;;;;;;;;;;
22673;1029;1014;13579;104;92;;;;;;;;;;;;;
22674;1003;1001;13579;110;123;;;;;;;;;;;;;
22675;1010;1018;13579;101;124;;;;;;;;;;;;;
22676;1005;1006;13579;106;102;;;;;;;;;;;;;
22677;1016;1022;13579;103;116;;;;;;;;;;;;;
22678;1015;1003;13579;131;106;;;;;;;;;;;;;
22679;1002;1013;13579;107;104;;;;;;;;;;;;;
22680;1027;1030;13579;103;117;;;;;;;;;;;;;
22681;1025;1021;13579;115;116;;;;;;;;;;;;;
22682;1001;1012;13579;127;99;;;;;;;;;;;;;
22683;1008;1018;13579;118;116;;;;;;;;;;;;;
22684;1017;1006;13579;114;105;;;;;;;;;;;;;
22685;1020;1025;13579;113;116;;;;;;;;;;;;;
22686;1016;1022;13579;103;90;;;;;;;;;;;;;
22687;1024;1023;13579;123;100;;;;;;;;;;;;;
22688;1011;1004;13579;106;120;;;;;;;;;;;;;
22689;1007;1009;13579;104;109;;;;;;;;;;;;;
22690;1015;1005;13579;98;134;;;;;;;;;;;;;
22691;1028;1010;13579;116;124;;;;;;;;;;;;;
22692;1013;1027;13579;104;110;;;;;;;;;;;;;
22693;1008;1026;13579;104;114;;;;;;;;;;;;;
22694;1030;1021;13579;122;117;;;;;;;;;;;;;
22695;1023;1016;24680;107;119;;;;;;;;;;;;;
22696;1024;1021;24680;108;104;;;;;;;;;;;;;
22697;1027;1014;24680;86;116;;;;;;;;;;;;;
22698;1001;1003;24680;108;104;;;;;;;;;;;;;
22699;1015;1009;24680;120;143;;;;;;;;;;;;;
22700;1011;1012;24680;110;116;;;;;;;;;;;;;
22701;1017;1005;24680;94;97;;;;;;;;;;;;;
22702;1008;1013;24680;102;103;;;;;;;;;;;;;
22703;1007;1002;24680;114;113;;;;;;;;;;;;;
22704;1029;1028;24680;111;104;;;;;;;;;;;;;
22705;1018;1006;24680;124;104;;;;;;;;;;;;;
22706;1025;1020;24680;130;114;;;;;;;;;;;;;
22707;1026;1030;24680;126;119;;;;;;;;;;;;;
22708;1019;1022;24680;111;123;;;;;;;;;;;;;
22709;1004;1010;24680;117;118;;;;;;;;;;;;;
22710;1024;1023;24680;95;100;;;;;;;;;;;;;
22711;1016;1028;24680;108;104;;;;;;;;;;;;;
22712;1008;1012;24680;111;99;;;;;;;;;;;;;
22713;1018;1007;24680;108;105;;;;;;;;;;;;;
22714;1013;1001;24680;111;119;;;;;;;;;;;;;
22715;1003;1011;24680;126;120;;;;;;;;;;;;;
22716;1027;1030;24680;122;126;;;;;;;;;;;;;
22717;1005;1006;24680;103;104;;;;;;;;;;;;;
22718;1002;1026;24680;120;125;;;;;;;;;;;;;
22719;1022;1020;24680;118;120;;;;;;;;;;;;;
22720;1021;1025;24680;122;114;;;;;;;;;;;;;
22721;1014;1019;24680;102;97;;;;;;;;;;;;;
22722;1003;1029;24680;87;96;;;;;;;;;;;;;
22723;1028;1015;24680;106;113;;;;;;;;;;;;;
22724;1006;1008;24680;102;118;;;;;;;;;;;;;
22725;1004;1005;24680;104;107;;;;;;;;;;;;;
22726;1009;1007;24680;125;113;;;;;;;;;;;;;
22727;1013;1017;24680;90;106;;;;;;;;;;;;;
22728;1020;1024;24680;104;126;;;;;;;;;;;;;
22729;1016;1018;24680;128;95;;;;;;;;;;;;;
22730;1011;1010;24680;127;110;;;;;;;;;;;;;
22731;1021;1027;24680;106;95;;;;;;;;;;;;;
22732;1019;1004;24680;98;126;;;;;;;;;;;;;
22733;1023;1025;24680;127;132;;;;;;;;;;;;;
22734;1030;1022;24680;83;123;;;;;;;;;;;;;
22735;1001;1015;24680;126;107;;;;;;;;;;;;;
22736;1006;1009;24680;112;105;;;;;;;;;;;;;
22737;1002;1012;24680;133;121;;;;;;;;;;;;;
22738;1019;1005;24680;99;91;;;;;;;;;;;;;
22739;1017;1011;24680;113;127;;;;;;;;;;;;;
22740;1008;1018;24680;112;124;;;;;;;;;;;;;
22741;1021;1029;24680;130;102;;;;;;;;;;;;;
22742;1013;1010;24680;114;122;;;;;;;;;;;;;
22743;1026;1028;24680;125;110;;;;;;;;;;;;;
22744;1020;1016;24680;102;110;;;;;;;;;;;;;
22745;1014;1023;24680;103;106;;;;;;;;;;;;;
22746;1003;1007;24680;109;91;;;;;;;;;;;;;
22747;1030;1024;24680;115;114;;;;;;;;;;;;;
22748;1014;1022;24680;102;118;;;;;;;;;;;;;
22749;1010;1005;24680;111;130;;;;;;;;;;;;;
22750;1019;1008;24680;110;101;;;;;;;;;;;;;
22751;1029;1018;24680;110;106;;;;;;;;;;;;;
22752;1007;1003;24680;95;89;;;;;;;;;;;;;
22753;1002;1013;24680;109;105;;;;;;;;;;;;;
22754;1009;1001;24680;104;155;;;;;;;;;;;;;
22755;1015;1011;24680;121;130;;;;;;;;;;;;;
22756;1016;1017;24680;89;110;;;;;;;;;;;;;
22757;1012;1027;24680;119;128;;;;;;;;;;;;;
22758;1006;1026;24680;105;114;;;;;;;;;;;;;
22759;1028;1020;24680;109;133;;;;;;;;;;;;;
22760;1022;1023;24680;125;130;;;;;;;;;;;;;
22761;1025;1021;24680;101;102;;;;;;;;;;;;;
22762;1005;1004;24680;99;114;;;;;;;;;;;;;
22763;1008;1029;24680;116;125;;;;;;;;;;;;;
22764;1014;1020;24680;115;113;;;;;;;;;;;;;
22765;1030;1024;24680;132;121;;;;;;;;;;;;;
22766;1007;1009;24680;116;121;;;;;;;;;;;;;
22767;1003;1010;24680;105;110;;;;;;;;;;;;;
22768;1021;1018;24680;141;139;;;;;;;;;;;;;
22769;1002;1006;24680;109;107;;;;;;;;;;;;;
22770;1015;1013;24680;114;121;;;;;;;;;;;;;
22771;1028;1019;24680;113;115;;;;;;;;;;;;;
22772;1026;1016;24680;114;125;;;;;;;;;;;;;
22773;1024;1004;24680;100;112;;;;;;;;;;;;;
22774;1011;1029;24680;123;105;;;;;;;;;;;;;
22775;1023;1014;24680;101;120;;;;;;;;;;;;;
22776;1012;1009;24680;125;124;;;;;;;;;;;;;
22777;1020;1017;24680;95;123;;;;;;;;;;;;;
22778;1025;1027;24680;89;107;;;;;;;;;;;;;
22779;1001;1002;24680;124;114;;;;;;;;;;;;;
22780;1006;1016;24680;101;123;;;;;;;;;;;;;
22781;1024;1008;24680;120;106;;;;;;;;;;;;;
22782;1005;1030;24680;123;116;;;;;;;;;;;;;
22783;1021;1007;24680;104;115;;;;;;;;;;;;;
22784;1012;1026;24680;118;124;;;;;;;;;;;;;
22785;1028;1019;24680;112;100;;;;;;;;;;;;;
22786;1015;1004;24680;128;146;;;;;;;;;;;;;
22787;1026;1014;24680;117;102;;;;;;;;;;;;;
22788;1030;1009;24680;111;152;;;;;;;;;;;;;
22789;1021;1008;24680;120;109;;;;;;;;;;;;;
22790;1022;1003;24680;97;111;;;;;;;;;;;;;
22791;1023;1013;24680;107;108;;;;;;;;;;;;;
22792;1010;1002;24680;129;125;;;;;;;;;;;;;
22793;1011;1018;24680;117;126;;;;;;;;;;;;;
22794;1001;1017;24680;109;114;;;;;;;;;;;;;
22795;1025;1027;24680;97;122;;;;;;;;;;;;;
22796;1020;1006;24680;113;120;;;;;;;;;;;;;
22797;1029;1016;24680;116;134;;;;;;;;;;;;;
22798;1001;1004;24680;103;106;;;;;;;;;;;;;
22799;1020;1009;24680;118;134;;;;;;;;;;;;;
22800;1015;1012;24680;132;116;;;;;;;;;;;;;
22801;1030;1003;24680;105;126;;;;;;;;;;;;;
22802;1022;1002;24680;93;100;;;;;;;;;;;;;
22803;1007;1018;24680;120;128;;;;;;;;;;;;;
22804;1029;1017;24680;101;122;;;;;;;;;;;;;
22805;1008;1010;24680;118;120;;;;;;;;;;;;;
22806;1013;1028;24680;108;102;;;;;;;;;;;;;
22807;1023;1027;24680;94;128;;;;;;;;;;;;;
22808;1024;1006;24680;116;115;;;;;;;;;;;;;
22809;1005;1026;24680;127;116;;;;;;;;;;;;;
22810;1019;1025;24680;118;121;;;;;;;;;;;;;
22811;1021;1016;24680;105;108;;;;;;;;;;;;;
22812;1010;1009;24680;124;126;;;;;;;;;;;;;
22813;1011;1014;24680;120;119;;;;;;;;;;;;;
22814;1012;1015;24680;124;117;;;;;;;;;;;;;
22815;1004;1008;24680;114;106;;;;;;;;;;;;;
22816;1002;1001;24680;107;121;;;;;;;;;;;;;
22817;1017;1030;24680;117;110;;;;;;;;;;;;;
22818;1020;1028;24680;127;121;;;;;;;;;;;;;
22819;1029;1027;24680;101;104;;;;;;;;;;;;;
22820;1022;1026;24680;126;144;;;;;;;;;;;;;
22821;1018;1025;24680;98;105;;;;;;;;;;;;;
22822;1023;1024;24680;122;119;;;;;;;;;;;;;
22823;1010;1014;24680;97;112;;;;;;;;;;;;;
22824;1005;1001;24680;94;117;;;;;;;;;;;;;
22825;1013;1011;24680;117;109;;;;;;;;;;;;;
22826;1007;1021;24680;118;110;;;;;;;;;;;;;
22827;1012;1003;24680;107;129;;;;;;;;;;;;;
22828;1015;1002;24680;94;102;;;;;;;;;;;;;
22829;1028;1022;24680;105;101;;;;;;;;;;;;;
22830;1009;1004;24680;126;137;;;;;;;;;;;;;
22831;1013;1030;24680;118;113;;;;;;;;;;;;;
22832;1026;1029;24680;136;124;;;;;;;;;;;;;
22833;1016;1027;24680;104;107;;;;;;;;;;;;;
22834;1008;1006;24680;108;119;;;;;;;;;;;;;
22835;1018;1024;24680;111;99;;;;;;;;;;;;;
22836;1017;1021;24680;116;110;;;;;;;;;;;;;
22837;1019;1023;24680;110;116;;;;;;;;;;;;;
22838;1015;1005;24680;107;111;;;;;;;;;;;;;
22839;1003;1001;24680;98;118;;;;;;;;;;;;;
22840;1006;1010;24680;109;118;;;;;;;;;;;;;
22841;1007;1025;24680;120;132;;;;;;;;;;;;;
22842;1013;1012;24680;132;126;;;;;;;;;;;;;
22843;1030;1018;24680;126;120;;;;;;;;;;;;;
22844;1014;1002;24680;111;105;;;;;;;;;;;;;
22845;1026;1029;24680;87;123;;;;;;;;;;;;;
22846;1019;1020;24680;104;124;;;;;;;;;;;;;
22847;1017;1021;24680;110;131;;;;;;;;;;;;;
22848;1022;1016;24680;99;115;;;;;;;;;;;;;
22849;1017;1021;24680;104;101;;;;;;;;;;;;;
22850;1022;1016;24680;108;111;;;;;;;;;;;;;
22851;1028;1023;24680;107;134;;;;;;;;;;;;;
22852;1026;1011;24680;130;117;;;;;;;;;;;;;
22853;1010;1005;24680;128;112;;;;;;;;;;;;;
22854;1001;1004;24680;117;107;;;;;;;;;;;;;
22855;1003;1011;24680;116;114;;;;;;;;;;;;;
22856;1014;1006;24680;96;94;;;;;;;;;;;;;
22857;1017;1024;24680;115;133;;;;;;;;;;;;;
22858;1007;1019;24680;109;95;;;;;;;;;;;;;
22859;1025;1023;24680;125;110;;;;;;;;;;;;;
22860;1002;1013;24680;115;122;;;;;;;;;;;;;
22861;1018;1021;24680;128;109;;;;;;;;;;;;;
22862;1003;1015;24680;120;99;;;;;;;;;;;;;
22863;1010;1012;24680;130;99;;;;;;;;;;;;;
22864;1025;1030;24680;129;120;;;;;;;;;;;;;
22865;1001;1005;24680;108;105;;;;;;;;;;;;;
22866;1008;1007;24680;100;108;;;;;;;;;;;;;
22867;1004;1011;24680;126;116;;;;;;;;;;;;;
22868;1016;1029;24680;110;115;;;;;;;;;;;;;
22869;1014;1006;24680;103;97;;;;;;;;;;;;;
22870;1023;1019;24680;107;35;;;;;;;;;;;;;
22871;1024;1020;24680;131;128;;;;;;;;;;;;;
22872;1027;1022;24680;100;106;;;;;;;;;;;;;
22873;1003;1012;24680;122;108;;;;;;;;;;;;;
22874;1017;1029;24680;121;120;;;;;;;;;;;;;
22875;1028;1030;24680;120;108;;;;;;;;;;;;;
22876;1026;1010;24680;125;132;;;;;;;;;;;;;
22877;1013;1006;24680;97;102;;;;;;;;;;;;;
22878;1018;1021;24680;130;123;;;;;;;;;;;;;
22879;1004;1002;24680;121;99;;;;;;;;;;;;;
22880;1008;1005;24680;113;142;;;;;;;;;;;;;
22881;1014;1009;24680;128;116;;;;;;;;;;;;;
22882;1016;1007;24680;109;121;;;;;;;;;;;;;
22883;1025;1026;24680;129;113;;;;;;;;;;;;;
22884;1024;1020;24680;140;137;;;;;;;;;;;;;
22885;1001;1028;24680;102;100;;;;;;;;;;;;;
22886;1018;1019;24680;134;91;;;;;;;;;;;;;
22887;1027;1023;24680;104;105;;;;;;;;;;;;;
22888;1010;1008;24680;142;129;;;;;;;;;;;;;
22889;1016;1008;24680;107;103;;;;;;;;;;;;;
22890;1001;1012;24680;118;121;;;;;;;;;;;;;
22891;1022;1030;24680;124;99;;;;;;;;;;;;;
22892;1025;1029;24680;93;129;;;;;;;;;;;;;
22893;1003;1017;24680;100;117;;;;;;;;;;;;;
22894;1013;1006;24680;118;100;;;;;;;;;;;;;
22895;1027;1021;24680;116;121;;;;;;;;;;;;;
22896;1005;1014;24680;107;126;;;;;;;;;;;;;
22897;1007;1004;24680;122;119;;;;;;;;;;;;;
22898;1009;1011;24680;157;152;;;;;;;;;;;;;
22899;1019;1024;24680;107;120;;;;;;;;;;;;;
22900;1020;1023;24680;99;131;;;;;;;;;;;;;
22901;1016;1014;24680;119;124;;;;;;;;;;;;;
22902;1015;1012;24680;114;117;;;;;;;;;;;;;
22903;1005;1009;24680;132;131;;;;;;;;;;;;;
22904;1013;1007;24680;129;96;;;;;;;;;;;;;
22905;1010;1001;24680;116;119;;;;;;;;;;;;;
22906;1002;1011;24680;145;147;;;;;;;;;;;;;
22907;1022;1030;24680;109;102;;;;;;;;;;;;;
22908;1006;1018;24680;102;116;;;;;;;;;;;;;
22909;1025;1029;24680;112;117;;;;;;;;;;;;;
22910;1004;1017;24680;99;112;;;;;;;;;;;;;
22911;1028;1027;24680;91;111;;;;;;;;;;;;;
22912;1020;1019;24680;105;121;;;;;;;;;;;;;
22913;1021;1024;24680;115;123;;;;;;;;;;;;;
22914;1026;1023;24680;104;101;;;;;;;;;;;;;
22915;1001;1014;24680;96;113;;;;;;;;;;;;;
22916;1024;1028;24680;110;89;;;;;;;;;;;;;
22917;1006;1005;24680;108;121;;;;;;;;;;;;;
22918;1013;1003;24680;98;100;;;;;;;;;;;;;
22919;1025;1017;24680;124;111;;;;;;;;;;;;;
22920;1015;1010;24680;128;131;;;;;;;;;;;;;
22921;1016;1027;24680;86;105;;;;;;;;;;;;;
22922;1008;1009;24680;113;136;;;;;;;;;;;;;
22923;1030;1021;24680;112;118;;;;;;;;;;;;;
22924;1029;1022;24680;116;106;;;;;;;;;;;;;
22925;1004;1018;24680;127;123;;;;;;;;;;;;;
22926;1013;1002;24680;97;112;;;;;;;;;;;;;
22927;1011;1015;24680;136;108;;;;;;;;;;;;;
22928;1023;1007;24680;121;115;;;;;;;;;;;;;
22929;1029;1020;24680;100;105;;;;;;;;;;;;;
22930;1026;1022;24680;88;107;;;;;;;;;;;;;
22931;1019;1010;24680;102;108;;;;;;;;;;;;;
22932;1017;1028;24680;119;97;;;;;;;;;;;;;
22933;1012;1014;24680;117;130;;;;;;;;;;;;;
22934;1024;1003;24680;116;113;;;;;;;;;;;;;
22935;1011;1001;24680;103;113;;;;;;;;;;;;;
22936;1005;1007;24680;102;105;;;;;;;;;;;;;
22937;1006;1002;24680;109;118;;;;;;;;;;;;;
22938;1030;1016;24680;120;132;;;;;;;;;;;;;
22939;1023;1004;24680;94;138;;;;;;;;;;;;;
22940;1019;1009;24680;114;110;;;;;;;;;;;;;
22941;1015;1008;24680;126;107;;;;;;;;;;;;;
22942;1029;1020;24680;112;114;;;;;;;;;;;;;
22943;1016;1022;24680;113;104;;;;;;;;;;;;;
22944;1012;1003;24680;91;115;;;;;;;;;;;;;
22945;1010;1013;24680;131;124;;;;;;;;;;;;;
22946;1011;1007;24680;105;128;;;;;;;;;;;;;
22947;1005;1002;24680;103;115;;;;;;;;;;;;;
22948;1006;1001;24680;97;124;;;;;;;;;;;;;
22949;1018;1017;24680;103;106;;;;;;;;;;;;;
22950;1027;1026;24680;115;121;;;;;;;;;;;;;
22951;1021;1025;24680;123;124;;;;;;;;;;;;;
22952;1015;1014;24680;120;139;;;;;;;;;;;;;
22953;1023;1008;24680;133;107;;;;;;;;;;;;;
22954;1024;1005;24680;105;112;;;;;;;;;;;;;
22955;1004;1029;24680;114;124;;;;;;;;;;;;;
22956;1020;1028;24680;91;105;;;;;;;;;;;;;
22957;1027;1016;24680;124;134;;;;;;;;;;;;;
22958;1022;1025;24680;131;117;;;;;;;;;;;;;
22959;1019;1007;24680;103;95;;;;;;;;;;;;;
22960;1008;1003;24680;112;118;;;;;;;;;;;;;
22961;1009;1013;24680;132;142;;;;;;;;;;;;;
22962;1012;1002;24680;129;128;;;;;;;;;;;;;
22963;1011;1030;24680;137;135;;;;;;;;;;;;;
22964;1023;1018;24680;110;133;;;;;;;;;;;;;
22965;1020;1017;24680;90;101;;;;;;;;;;;;;
22966;1010;1006;24680;113;120;;;;;;;;;;;;;
22967;1022;1021;24680;114;120;;;;;;;;;;;;;
22968;1010;1005;24680;111;130;;;;;;;;;;;;;
22969;1019;1008;24680;110;101;;;;;;;;;;;;;
22970;1029;1018;24680;110;106;;;;;;;;;;;;;
22971;1007;1003;24680;95;89;;;;;;;;;;;;;
22972;1002;1013;24680;109;105;;;;;;;;;;;;;
22973;1009;1001;24680;104;155;;;;;;;;;;;;;
22974;1015;1011;24680;121;130;;;;;;;;;;;;;
22975;1016;1017;24680;89;110;;;;;;;;;;;;;
22976;1012;1027;24680;119;128;;;;;;;;;;;;;
22977;1006;1026;24680;105;114;;;;;;;;;;;;;
22978;1028;1020;24680;109;133;;;;;;;;;;;;;
22979;1022;1023;24680;125;130;;;;;;;;;;;;;
22980;1025;1021;24680;101;102;;;;;;;;;;;;;
22981;1005;1004;24680;99;114;;;;;;;;;;;;;
22982;1008;1029;24680;116;125;;;;;;;;;;;;;
22983;1014;1020;24680;115;113;;;;;;;;;;;;;
22984;1030;1024;24680;132;121;;;;;;;;;;;;;
22985;1007;1009;24680;116;121;;;;;;;;;;;;;
22986;1003;1010;24680;105;110;;;;;;;;;;;;;
22987;1021;1018;24680;141;139;;;;;;;;;;;;;
22988;1002;1006;24680;109;107;;;;;;;;;;;;;
22989;1015;1013;24680;114;121;;;;;;;;;;;;;
22990;1028;1019;24680;113;115;;;;;;;;;;;;;
22991;1026;1016;24680;114;125;;;;;;;;;;;;;
22992;1024;1004;24680;100;112;;;;;;;;;;;;;
22993;1011;1029;24680;123;105;;;;;;;;;;;;;
22994;1023;1014;24680;101;120;;;;;;;;;;;;;
22995;1012;1009;24680;125;124;;;;;;;;;;;;;
22996;1020;1017;24680;95;123;;;;;;;;;;;;;
22997;1025;1027;24680;89;107;;;;;;;;;;;;;
22998;1001;1002;24680;124;114;;;;;;;;;;;;;
22999;1006;1016;24680;101;123;;;;;;;;;;;;;
23000;1024;1008;24680;120;106;;;;;;;;;;;;;
23001;1005;1030;24680;123;116;;;;;;;;;;;;;
23002;1021;1007;24680;104;115;;;;;;;;;;;;;
23003;1012;1026;24680;118;124;;;;;;;;;;;;;
23004;1028;1019;24680;112;100;;;;;;;;;;;;;
23005;1015;1004;24680;128;146;;;;;;;;;;;;;
23006;1026;1014;24680;117;102;;;;;;;;;;;;;
23007;1030;1009;24680;111;152;;;;;;;;;;;;;
23008;1021;1008;24680;120;109;;;;;;;;;;;;;
23009;1022;1003;24680;97;111;;;;;;;;;;;;;
23010;1023;1013;24680;107;108;;;;;;;;;;;;;
23011;1010;1002;24680;129;125;;;;;;;;;;;;;
23012;1011;1018;24680;117;126;;;;;;;;;;;;;
23013;1001;1017;24680;109;114;;;;;;;;;;;;;
23014;1025;1027;24680;97;122;;;;;;;;;;;;;
23015;1020;1006;24680;113;130;;;;;;;;;;;;;
23016;1029;1016;24680;116;134;;;;;;;;;;;;;
23017;1001;1004;24680;103;106;;;;;;;;;;;;;
23018;1020;1009;24680;118;134;;;;;;;;;;;;;
23019;1015;1012;24680;132;116;;;;;;;;;;;;;
23020;1030;1003;24680;105;126;;;;;;;;;;;;;
23021;1022;1002;24680;93;100;;;;;;;;;;;;;
23022;1007;1018;24680;120;128;;;;;;;;;;;;;
23023;1029;1017;24680;101;122;;;;;;;;;;;;;
23024;1008;1010;24680;118;120;;;;;;;;;;;;;
23025;1013;1028;24680;108;102;;;;;;;;;;;;;
23026;1023;1027;24680;94;128;;;;;;;;;;;;;
23027;1024;1006;24680;116;115;;;;;;;;;;;;;
23028;1005;1026;24680;127;116;;;;;;;;;;;;;
23029;1019;1025;24680;118;121;;;;;;;;;;;;;
23030;1021;1016;24680;105;108;;;;;;;;;;;;;
23031;1010;1009;24680;124;126;;;;;;;;;;;;;
23032;1011;1014;24680;120;119;;;;;;;;;;;;;
23033;1012;1015;24680;124;117;;;;;;;;;;;;;
23034;1004;1008;24680;114;106;;;;;;;;;;;;;
23035;1002;1001;24680;107;121;;;;;;;;;;;;;
23036;1017;1030;24680;117;110;;;;;;;;;;;;;
23037;1020;1028;24680;127;121;;;;;;;;;;;;;
23038;1029;1027;24680;101;104;;;;;;;;;;;;;
23039;1022;1026;24680;126;144;;;;;;;;;;;;;
23040;1018;1025;24680;98;105;;;;;;;;;;;;;
23041;1023;1024;24680;122;119;;;;;;;;;;;;;
23042;1010;1014;24680;97;112;;;;;;;;;;;;;
23043;1005;1001;24680;94;117;;;;;;;;;;;;;
23044;1013;1011;24680;117;109;;;;;;;;;;;;;
23045;1007;1021;24680;118;110;;;;;;;;;;;;;
23046;1012;1003;24680;107;129;;;;;;;;;;;;;
23047;1015;1002;24680;94;102;;;;;;;;;;;;;
23048;1028;1022;24680;105;101;;;;;;;;;;;;;
23049;1009;1004;24680;126;137;;;;;;;;;;;;;
23050;1013;1030;24680;118;113;;;;;;;;;;;;;
23051;1026;1029;24680;136;124;;;;;;;;;;;;;
23052;1016;1027;24680;104;107;;;;;;;;;;;;;
23053;1008;1006;24680;108;119;;;;;;;;;;;;;
23054;1018;1024;24680;111;99;;;;;;;;;;;;;
23055;1017;1021;24680;116;110;;;;;;;;;;;;;
23056;1019;1023;24680;110;116;;;;;;;;;;;;;
23057;1015;1005;24680;107;111;;;;;;;;;;;;;
23058;1003;1002;24680;98;114;;;;;;;;;;;;;
23059;1006;1010;24680;109;118;;;;;;;;;;;;;
23060;1007;1025;24680;120;132;;;;;;;;;;;;;
23061;1009;1004;24680;132;126;;;;;;;;;;;;;
23062;1011;1008;24680;126;120;;;;;;;;;;;;;
23063;1013;1012;24680;111;105;;;;;;;;;;;;;
23064;1030;1018;24680;87;123;;;;;;;;;;;;;
23065;1014;1002;24680;104;124;;;;;;;;;;;;;
23066;1026;1029;24680;110;131;;;;;;;;;;;;;
23067;1019;1020;24680;99;115;;;;;;;;;;;;;
23068;1017;1021;24680;104;101;;;;;;;;;;;;;
23069;1022;1016;24680;108;111;;;;;;;;;;;;;
23070;1028;1023;24680;107;134;;;;;;;;;;;;;
23071;1026;1015;24680;130;117;;;;;;;;;;;;;
23072;1010;1005;24680;128;112;;;;;;;;;;;;;
23073;1001;1004;24680;117;107;;;;;;;;;;;;;
23074;1003;1011;24680;116;114;;;;;;;;;;;;;
23075;1014;1006;24680;96;94;;;;;;;;;;;;;
23076;1017;1024;24680;115;133;;;;;;;;;;;;;
23077;1007;1019;24680;109;95;;;;;;;;;;;;;
23078;1025;1023;24680;125;110;;;;;;;;;;;;;
23079;1002;1013;24680;115;122;;;;;;;;;;;;;
23080;1018;1021;24680;128;109;;;;;;;;;;;;;
23081;1003;1015;24680;120;99;;;;;;;;;;;;;
23082;1010;1012;24680;130;99;;;;;;;;;;;;;
23083;1025;1030;24680;129;120;;;;;;;;;;;;;
23084;1001;1005;24680;108;105;;;;;;;;;;;;;
23085;1008;1007;24680;100;108;;;;;;;;;;;;;
23086;1004;1011;24680;126;116;;;;;;;;;;;;;
23087;1016;1029;24680;110;115;;;;;;;;;;;;;
23088;1014;1006;24680;103;97;;;;;;;;;;;;;
23089;1023;1019;24680;107;95;;;;;;;;;;;;;
23090;1024;1020;24680;131;128;;;;;;;;;;;;;
23091;1027;1022;24680;100;106;;;;;;;;;;;;;
23092;1003;1012;24680;122;108;;;;;;;;;;;;;
23093;1017;1029;24680;121;120;;;;;;;;;;;;;
23094;1028;1030;24680;120;108;;;;;;;;;;;;;
23095;1026;1010;24680;125;132;;;;;;;;;;;;;
23096;1013;1006;24680;97;102;;;;;;;;;;;;;
23097;1018;1021;24680;130;123;;;;;;;;;;;;;
23098;1004;1002;24680;121;99;;;;;;;;;;;;;
23099;1008;1005;24680;113;142;;;;;;;;;;;;;
23100;1014;1009;24680;128;116;;;;;;;;;;;;;
23101;1016;1007;24680;109;121;;;;;;;;;;;;;
23102;1025;1026;24680;129;113;;;;;;;;;;;;;
23103;1024;1020;24680;140;137;;;;;;;;;;;;;
23104;1001;1028;24680;102;100;;;;;;;;;;;;;
23105;1018;1019;24680;134;91;;;;;;;;;;;;;
23106;1027;1023;24680;104;105;;;;;;;;;;;;;
23107;1010;1015;24680;142;129;;;;;;;;;;;;;
23108;1016;1008;24680;107;103;;;;;;;;;;;;;
23109;1001;1012;24680;118;121;;;;;;;;;;;;;
23110;1022;1030;24680;124;99;;;;;;;;;;;;;
23111;1025;1029;24680;93;129;;;;;;;;;;;;;
23112;1003;1017;24680;100;117;;;;;;;;;;;;;
23113;1013;1006;24680;118;100;;;;;;;;;;;;;
23114;1027;1021;24680;116;121;;;;;;;;;;;;;
23115;1005;1014;24680;107;126;;;;;;;;;;;;;
23116;1007;1004;24680;122;119;;;;;;;;;;;;;
23117;1009;1011;24680;157;152;;;;;;;;;;;;;
23118;1019;1024;24680;107;120;;;;;;;;;;;;;
23119;1020;1023;24680;99;131;;;;;;;;;;;;;
23120;1016;1014;24680;119;124;;;;;;;;;;;;;
23121;1015;1012;24680;114;117;;;;;;;;;;;;;
23122;1005;1009;24680;132;131;;;;;;;;;;;;;
23123;1013;1007;24680;129;96;;;;;;;;;;;;;
23124;1010;1001;24680;116;119;;;;;;;;;;;;;
23125;1002;1011;24680;145;147;;;;;;;;;;;;;
23126;1022;1030;24680;109;102;;;;;;;;;;;;;
23127;1006;1018;24680;102;116;;;;;;;;;;;;;
23128;1025;1029;24680;112;117;;;;;;;;;;;;;
23129;1004;1017;24680;99;112;;;;;;;;;;;;;
23130;1028;1027;24680;91;111;;;;;;;;;;;;;
23131;1020;1019;24680;105;121;;;;;;;;;;;;;
23132;1021;1024;24680;115;123;;;;;;;;;;;;;
23133;1026;1023;24680;104;101;;;;;;;;;;;;;
23134;1001;1014;24680;96;113;;;;;;;;;;;;;
23135;1024;1028;24680;110;89;;;;;;;;;;;;;
23136;1006;1005;24680;108;121;;;;;;;;;;;;;
23137;1013;1003;24680;98;100;;;;;;;;;;;;;
23138;1025;1017;24680;124;111;;;;;;;;;;;;;
23139;1015;1010;24680;128;131;;;;;;;;;;;;;
23140;1016;1027;24680;86;105;;;;;;;;;;;;;
23141;1008;1009;24680;113;136;;;;;;;;;;;;;
23142;1030;1021;24680;112;118;;;;;;;;;;;;;
23143;1029;1022;24680;116;106;;;;;;;;;;;;;
23144;1004;1018;24680;127;123;;;;;;;;;;;;;
23145;1013;1002;24680;97;112;;;;;;;;;;;;;
23146;1011;1015;24680;136;108;;;;;;;;;;;;;
23147;1023;1007;24680;121;115;;;;;;;;;;;;;
23148;1029;1020;24680;100;105;;;;;;;;;;;;;
23149;1026;1022;24680;88;107;;;;;;;;;;;;;
23150;1019;1010;24680;102;108;;;;;;;;;;;;;
23151;1017;1028;24680;119;97;;;;;;;;;;;;;
23152;1012;1014;24680;117;130;;;;;;;;;;;;;
23153;1024;1003;24680;116;113;;;;;;;;;;;;;
23154;1011;1001;24680;103;113;;;;;;;;;;;;;
23155;1005;1007;24680;102;105;;;;;;;;;;;;;
23156;1006;1002;24680;109;118;;;;;;;;;;;;;
23157;1030;1016;24680;120;132;;;;;;;;;;;;;
23158;1023;1004;24680;94;138;;;;;;;;;;;;;
23159;1019;1009;24680;114;110;;;;;;;;;;;;;
23160;1015;1008;24680;126;107;;;;;;;;;;;;;
23161;1029;1020;24680;112;114;;;;;;;;;;;;;
23162;1007;1022;24680;113;104;;;;;;;;;;;;;
23163;1012;1003;24680;91;115;;;;;;;;;;;;;
23164;1010;1013;24680;131;124;;;;;;;;;;;;;
23165;1011;1007;24680;105;128;;;;;;;;;;;;;
23166;1005;1002;24680;103;115;;;;;;;;;;;;;
23167;1006;1001;24680;97;124;;;;;;;;;;;;;
23168;1018;1017;24680;103;106;;;;;;;;;;;;;
23169;1027;1026;24680;115;121;;;;;;;;;;;;;
23170;1021;1025;24680;123;124;;;;;;;;;;;;;
23171;1015;1014;24680;120;139;;;;;;;;;;;;;
23172;1023;1008;24680;133;107;;;;;;;;;;;;;
23173;1024;1005;24680;105;112;;;;;;;;;;;;;
23174;1004;1029;24680;114;124;;;;;;;;;;;;;
23175;1020;1028;24680;91;105;;;;;;;;;;;;;
23176;1027;1016;24680;124;134;;;;;;;;;;;;;
23177;1022;1025;24680;131;117;;;;;;;;;;;;;
23178;1019;1007;24680;103;95;;;;;;;;;;;;;
23179;1008;1003;24680;112;118;;;;;;;;;;;;;
23180;1009;1013;24680;132;142;;;;;;;;;;;;;
23181;1012;1002;24680;129;128;;;;;;;;;;;;;
23182;1011;1030;24680;137;135;;;;;;;;;;;;;
23183;1023;1018;24680;110;133;;;;;;;;;;;;;
23184;1020;1017;24680;90;101;;;;;;;;;;;;;
23185;1010;1006;24680;113;120;;;;;;;;;;;;;
23186;1022;1021;24680;114;120;;;;;;;;;;;;;
23187;1017;1003;24680;106;112;;;;;;;;;;;;;
23188;1007;1005;24680;121;124;;;;;;;;;;;;;
23189;1009;1010;24680;122;113;;;;;;;;;;;;;
23190;1008;1027;24680;113;136;;;;;;;;;;;;;
23191;1026;1020;24680;90;127;;;;;;;;;;;;;
23192;1019;1024;24680;88;109;;;;;;;;;;;;;
23193;1012;1016;24680;93;111;;;;;;;;;;;;;
23194;1013;1022;24680;104;121;;;;;;;;;;;;;
23195;1006;1004;24680;97;110;;;;;;;;;;;;;
23196;1001;1018;24680;123;127;;;;;;;;;;;;;
23197;1002;1029;24680;85;112;;;;;;;;;;;;;
23198;1030;1028;24680;98;106;;;;;;;;;;;;;
23199;1012;1025;24680;111;104;;;;;;;;;;;;;
23200;1014;1021;24680;115;121;;;;;;;;;;;;;
23201;1010;1009;24680;130;142;;;;;;;;;;;;;
23202;1015;1007;24680;101;140;;;;;;;;;;;;;
23203;1018;1011;24680;138;141;;;;;;;;;;;;;
23204;1029;1017;24680;117;106;;;;;;;;;;;;;
23205;1005;1028;24680;116;111;;;;;;;;;;;;;
23206;1002;1027;24680;101;112;;;;;;;;;;;;;
23207;1019;1026;24680;97;126;;;;;;;;;;;;;
23208;1006;1003;24680;100;116;;;;;;;;;;;;;
23209;1008;1020;24680;148;154;;;;;;;;;;;;;
23210;1022;1024;24680;131;122;;;;;;;;;;;;;
23211;1014;1025;24680;135;138;;;;;;;;;;;;;
23212;1013;1023;24680;110;96;;;;;;;;;;;;;
23213;1010;1030;24680;125;121;;;;;;;;;;;;;
23214;1016;1021;24680;130;127;;;;;;;;;;;;;
23215;1011;1009;24680;116;150;;;;;;;;;;;;;
23216;1020;1001;24680;97;126;;;;;;;;;;;;;
23217;1003;1004;24680;128;92;;;;;;;;;;;;;
23218;1015;1007;24680;90;114;;;;;;;;;;;;;
23219;1018;1002;24680;115;124;;;;;;;;;;;;;
23220;1022;1029;24680;111;125;;;;;;;;;;;;;
23221;1017;1027;24680;122;95;;;;;;;;;;;;;
23222;1012;1006;24680;91;104;;;;;;;;;;;;;
23223;1019;1026;24680;103;139;;;;;;;;;;;;;
23224;1013;1024;24680;97;113;;;;;;;;;;;;;
23225;1014;1016;24680;122;120;;;;;;;;;;;;;
23226;1005;1025;24680;130;135;;;;;;;;;;;;;
23227;1025;1028;24680;127;113;;;;;;;;;;;;;
23228;1008;1021;24680;109;113;;;;;;;;;;;;;
23229;1003;1015;24680;121;105;;;;;;;;;;;;;
23230;1001;1009;24680;118;101;;;;;;;;;;;;;
23231;1020;1004;24680;120;109;;;;;;;;;;;;;
23232;1010;1027;24680;108;112;;;;;;;;;;;;;
23233;1030;1007;24680;115;117;;;;;;;;;;;;;
23234;1019;1002;24680;134;127;;;;;;;;;;;;;
23235;1029;1025;24680;133;100;;;;;;;;;;;;;
23236;1011;1014;24680;110;117;;;;;;;;;;;;;
23237;1017;1026;24680;108;115;;;;;;;;;;;;;
23238;1028;1024;24680;121;115;;;;;;;;;;;;;
23239;1008;1016;24680;114;131;;;;;;;;;;;;;
23240;1005;1021;24680;133;118;;;;;;;;;;;;;
23241;1022;1023;24680;103;106;;;;;;;;;;;;;
23242;1018;1015;24680;136;128;;;;;;;;;;;;;
23243;1001;1009;24680;131;133;;;;;;;;;;;;;
23244;1006;1012;24680;119;112;;;;;;;;;;;;;
23245;1027;1013;24680;113;120;;;;;;;;;;;;;
23246;1020;1010;24680;132;116;;;;;;;;;;;;;
23247;1024;1022;24680;111;138;;;;;;;;;;;;;
23248;1017;1014;24680;113;92;;;;;;;;;;;;;
23249;1025;1008;24680;131;110;;;;;;;;;;;;;
23250;1019;1003;24680;84;112;;;;;;;;;;;;;
23251;1028;1026;24680;120;103;;;;;;;;;;;;;
23252;1005;1023;24680;131;132;;;;;;;;;;;;;
23253;1015;1009;24680;104;112;;;;;;;;;;;;;
23254;1030;1008;24680;130;108;;;;;;;;;;;;;
23255;1025;1012;24680;123;98;;;;;;;;;;;;;
23256;1017;1001;24680;120;127;;;;;;;;;;;;;
23257;1018;1013;24680;128;120;;;;;;;;;;;;;
23258;1004;1011;24680;132;139;;;;;;;;;;;;;
23259;1027;1006;24680;119;124;;;;;;;;;;;;;
23260;1029;1021;24680;141;105;;;;;;;;;;;;;
23261;1016;1020;24680;111;124;;;;;;;;;;;;;
23262;1005;1022;24680;120;126;;;;;;;;;;;;;
23263;1002;1007;24680;102;111;;;;;;;;;;;;;
23264;1001;1010;24680;102;135;;;;;;;;;;;;;
23265;1019;1018;24680;77;139;;;;;;;;;;;;;
23266;1003;1026;24680;124;128;;;;;;;;;;;;;
23267;1024;1023;24680;127;109;;;;;;;;;;;;;
23268;1027;1008;24680;112;110;;;;;;;;;;;;;
23269;1009;1011;24680;126;108;;;;;;;;;;;;;
23270;1025;1004;24680;93;112;;;;;;;;;;;;;
23271;1012;1030;24680;99;135;;;;;;;;;;;;;
23272;1019;1017;24680;93;116;;;;;;;;;;;;;
23273;1022;1028;24680;128;119;;;;;;;;;;;;;
23274;1021;1006;24680;140;131;;;;;;;;;;;;;
23275;1014;1013;24680;96;99;;;;;;;;;;;;;
23276;1005;1020;24680;113;145;;;;;;;;;;;;;
23277;1029;1016;24680;113;125;;;;;;;;;;;;;
23278;1027;1001;24680;113;145;;;;;;;;;;;;;
23279;1015;1011;24680;127;99;;;;;;;;;;;;;
23280;1014;1018;24680;100;112;;;;;;;;;;;;;
23281;1021;1010;24680;118;129;;;;;;;;;;;;;
23282;1003;1028;24680;106;94;;;;;;;;;;;;;
23283;1006;1030;24680;122;116;;;;;;;;;;;;;
23284;1029;1026;24680;118;108;;;;;;;;;;;;;
23285;1023;1020;24680;125;132;;;;;;;;;;;;;
23286;1009;1016;24680;109;117;;;;;;;;;;;;;
23287;1012;1013;24680;87;104;;;;;;;;;;;;;
23288;1022;1017;24680;105;109;;;;;;;;;;;;;
23289;1025;1010;24680;142;143;;;;;;;;;;;;;
23290;1024;1019;24680;127;116;;;;;;;;;;;;;
23291;1027;1004;24680;115;124;;;;;;;;;;;;;
23292;1029;1026;24680;120;125;;;;;;;;;;;;;
23293;1008;1015;24680;129;117;;;;;;;;;;;;;
23294;1014;1003;24680;98;94;;;;;;;;;;;;;
23295;1030;1011;24680;99;109;;;;;;;;;;;;;
23296;1021;1028;24680;107;116;;;;;;;;;;;;;
23297;1006;1007;24680;91;109;;;;;;;;;;;;;
23298;1001;1005;24680;105;96;;;;;;;;;;;;;
23299;1013;1002;24680;96;95;;;;;;;;;;;;;
23300;1009;1020;24680;105;132;;;;;;;;;;;;;
23301;1018;1023;24680;105;112;;;;;;;;;;;;;
23302;1016;1004;24680;121;126;;;;;;;;;;;;;
23303;1025;1024;24680;117;119;;;;;;;;;;;;;
23304;1018;1022;24680;117;128;;;;;;;;;;;;;
23305;1017;1008;24680;124;117;;;;;;;;;;;;;
23306;1013;1005;24680;97;121;;;;;;;;;;;;;
23307;1027;1003;24680;94;109;;;;;;;;;;;;;
23308;1010;1007;24680;95;135;;;;;;;;;;;;;
23309;1030;1001;24680;98;117;;;;;;;;;;;;;
23310;1014;1011;24680;104;106;;;;;;;;;;;;;
23311;1012;1029;24680;112;132;;;;;;;;;;;;;
23312;1026;1023;24680;110;127;;;;;;;;;;;;;
23313;1002;1019;24680;103;105;;;;;;;;;;;;;
23314;1006;1005;24680;116;110;;;;;;;;;;;;;
23315;1015;1003;24680;109;113;;;;;;;;;;;;;
23316;1018;1020;24680;134;129;;;;;;;;;;;;;
23317;1009;1025;24680;126;121;;;;;;;;;;;;;
23318;1028;1017;24680;103;118;;;;;;;;;;;;;
23319;1004;1014;24680;124;109;;;;;;;;;;;;;
23320;1030;1012;24680;120;124;;;;;;;;;;;;;
23321;1016;1001;24680;102;100;;;;;;;;;;;;;
23322;1024;1029;24680;123;109;;;;;;;;;;;;;
23323;1011;1013;24680;109;108;;;;;;;;;;;;;
23324;1009;1019;24680;115;118;;;;;;;;;;;;;
23325;1002;1023;24680;130;112;;;;;;;;;;;;;
23326;1010;1008;24680;141;135;;;;;;;;;;;;;
23327;1030;1015;24680;131;127;;;;;;;;;;;;;
23328;1004;1012;24680;97;89;;;;;;;;;;;;;
23329;1005;1003;24680;100;126;;;;;;;;;;;;;
23330;1007;1011;24680;116;95;;;;;;;;;;;;;
23331;1018;1017;24680;102;97;;;;;;;;;;;;;
23332;1020;1027;24680;126;127;;;;;;;;;;;;;
23333;1028;1006;24680;96;125;;;;;;;;;;;;;
23334;1002;1022;24680;114;125;;;;;;;;;;;;;
23335;1016;1015;24680;113;104;;;;;;;;;;;;;
23336;1013;1014;24680;87;105;;;;;;;;;;;;;
23337;1001;1027;24680;116;107;;;;;;;;;;;;;
23338;1009;1024;24680;110;117;;;;;;;;;;;;;
23339;1019;1023;24680;110;134;;;;;;;;;;;;;
23340;1030;1004;24680;123;133;;;;;;;;;;;;;
23341;1007;1014;24680;126;99;;;;;;;;;;;;;
23342;1010;1008;24680;122;113;;;;;;;;;;;;;
23343;1028;1005;24680;108;100;;;;;;;;;;;;;
23344;1012;1017;24680;128;125;;;;;;;;;;;;;
23345;1001;1026;24680;119;110;;;;;;;;;;;;;
23346;1006;1024;24680;113;115;;;;;;;;;;;;;
23347;1011;1025;24680;107;122;;;;;;;;;;;;;
23348;1016;1009;24680;114;109;;;;;;;;;;;;;
23349;1003;1002;24680;108;103;;;;;;;;;;;;;
23350;1019;1018;24680;109;111;;;;;;;;;;;;;
23351;1020;1029;24680;124;153;;;;;;;;;;;;;
23352;1023;1022;24680;116;127;;;;;;;;;;;;;
23353;1017;1015;24680;118;107;;;;;;;;;;;;;
23354;1012;1008;24680;106;113;;;;;;;;;;;;;
23355;1028;1013;24680;105;96;;;;;;;;;;;;;
23356;1007;1010;24680;116;126;;;;;;;;;;;;;
23357;1019;1027;24680;137;131;;;;;;;;;;;;;
23358;1024;1026;24680;132;109;;;;;;;;;;;;;
23359;1018;1030;24680;140;114;;;;;;;;;;;;;
23360;1011;1021;24680;112;134;;;;;;;;;;;;;
23361;1020;1015;24680;123;108;;;;;;;;;;;;;
23362;1004;1009;24680;122;134;;;;;;;;;;;;;
23363;1016;1003;24680;84;122;;;;;;;;;;;;;
23364;1001;1013;24680;143;110;;;;;;;;;;;;;
23365;1017;1002;24680;96;94;;;;;;;;;;;;;
23366;1025;1021;24680;134;133;;;;;;;;;;;;;
23367;1006;1023;24680;132;141;;;;;;;;;;;;;
23368;1024;1009;24680;131;133;;;;;;;;;;;;;
23369;1027;1012;24680;138;104;;;;;;;;;;;;;
23370;1026;1011;24680;148;143;;;;;;;;;;;;;
23371;1022;1005;24680;127;107;;;;;;;;;;;;;
23372;1018;1029;24680;107;83;;;;;;;;;;;;;
23373;1007;1010;24680;112;100;;;;;;;;;;;;;
23374;1014;1028;24680;106;107;;;;;;;;;;;;;
23375;1019;1030;24680;100;116;;;;;;;;;;;;;
23376;1015;1008;24680;118;104;;;;;;;;;;;;;
23377;1013;1003;24680;109;125;;;;;;;;;;;;;
23378;1004;1016;24680;105;111;;;;;;;;;;;;;
23379;1027;1002;24680;104;106;;;;;;;;;;;;;
23380;1020;1012;24680;134;122;;;;;;;;;;;;;
23381;1022;1001;24680;115;96;;;;;;;;;;;;;
23382;1029;1010;24680;117;141;;;;;;;;;;;;;
23383;1023;1021;24680;145;144;;;;;;;;;;;;;
23384;1017;1030;24680;112;113;;;;;;;;;;;;;
23385;1025;1026;24680;120;115;;;;;;;;;;;;;
23386;1018;1008;24680;104;120;;;;;;;;;;;;;
23387;1028;1009;24680;110;116;;;;;;;;;;;;;
23388;1024;1014;24680;98;113;;;;;;;;;;;;;
23389;1005;1011;24680;125;126;;;;;;;;;;;;;
23390;1006;1019;24680;104;96;;;;;;;;;;;;;
23391;1022;1007;24680;108;118;;;;;;;;;;;;;
23392;1003;1012;24680;113;92;;;;;;;;;;;;;
23393;1024;1013;24680;118;105;;;;;;;;;;;;;
23394;1020;1002;24680;114;147;;;;;;;;;;;;;
23395;1029;1001;24680;112;118;;;;;;;;;;;;;
23396;1015;1030;24680;118;113;;;;;;;;;;;;;
23397;1017;1018;24680;107;101;;;;;;;;;;;;;
23398;1025;1028;24680;103;94;;;;;;;;;;;;;
23399;1023;1027;24680;119;135;;;;;;;;;;;;;
23400;1014;1026;24680;129;131;;;;;;;;;;;;;
23401;1010;1016;24680;107;113;;;;;;;;;;;;;
23402;1004;1019;24680;104;130;;;;;;;;;;;;;
23403;1020;1003;24680;103;118;;;;;;;;;;;;;
23404;1009;1001;24680;124;129;;;;;;;;;;;;;
23405;1023;1011;24680;122;138;;;;;;;;;;;;;
23406;1005;1006;24680;118;107;;;;;;;;;;;;;
23407;1004;1021;24680;107;119;;;;;;;;;;;;;
23408;1022;1015;24680;125;109;;;;;;;;;;;;;
23409;1008;1007;24680;121;128;;;;;;;;;;;;;
23410;1006;1012;24680;117;110;;;;;;;;;;;;;
23411;1025;1013;24680;106;115;;;;;;;;;;;;;
23412;1016;1018;24680;100;105;;;;;;;;;;;;;
23413;1014;1030;24680;108;98;;;;;;;;;;;;;
23414;1026;1017;24680;87;121;;;;;;;;;;;;;
23415;1029;1027;24680;110;99;;;;;;;;;;;;;
23416;1024;1002;24680;136;120;;;;;;;;;;;;;
23417;1010;1019;24680;116;119;;;;;;;;;;;;;
23418;1009;1003;24680;105;109;;;;;;;;;;;;;
23419;1023;1001;24680;114;105;;;;;;;;;;;;;
23420;1007;1028;24680;108;101;;;;;;;;;;;;;
23421;1004;1020;24680;127;124;;;;;;;;;;;;;
23422;1013;1015;24680;110;102;;;;;;;;;;;;;
23423;1022;1008;24680;136;125;;;;;;;;;;;;;
23424;1025;1009;24680;133;122;;;;;;;;;;;;;
23425;1024;1011;24680;120;129;;;;;;;;;;;;;
23426;1029;1030;24680;114;113;;;;;;;;;;;;;
23427;1012;1018;24680;106;126;;;;;;;;;;;;;
23428;1014;1017;24680;108;106;;;;;;;;;;;;;
23429;1021;1028;24680;121;101;;;;;;;;;;;;;
23430;1005;1027;24680;106;135;;;;;;;;;;;;;
23431;1019;1016;24680;108;120;;;;;;;;;;;;;
23432;1002;1004;24680;136;121;;;;;;;;;;;;;
23433;1021;1011;24680;134;141;;;;;;;;;;;;;
23434;1025;1006;24680;123;115;;;;;;;;;;;;;
23435;1007;1030;24680;117;101;;;;;;;;;;;;;
23436;1010;1026;24680;129;117;;;;;;;;;;;;;
23437;1023;1003;24680;113;105;;;;;;;;;;;;;
23438;1014;1008;24680;111;99;;;;;;;;;;;;;
23439;1024;1015;24680;140;112;;;;;;;;;;;;;
23440;1022;1013;24680;103;95;;;;;;;;;;;;;
23441;1009;1012;24680;115;99;;;;;;;;;;;;;
23442;1028;1001;24680;91;131;;;;;;;;;;;;;
23443;1005;1018;24680;127;135;;;;;;;;;;;;;
23444;1027;1017;24680;90;111;;;;;;;;;;;;;
23445;1010;1020;24680;108;123;;;;;;;;;;;;;
23446;1019;1016;24680;103;112;;;;;;;;;;;;;
23447;1026;1004;24680;118;102;;;;;;;;;;;;;
23448;1025;1007;24680;110;136;;;;;;;;;;;;;
23449;1023;1012;24680;124;118;;;;;;;;;;;;;
23450;1021;1002;24680;109;98;;;;;;;;;;;;;
23451;1022;1011;24680;149;144;;;;;;;;;;;;;
23452;1005;1029;24680;100;138;;;;;;;;;;;;;
23453;1027;1009;24680;129;132;;;;;;;;;;;;;
23454;1028;1003;24680;113;123;;;;;;;;;;;;;
23455;1014;1013;24680;95;121;;;;;;;;;;;;;
23456;1026;1002;24680;119;107;;;;;;;;;;;;;
23457;1017;1006;24680;123;129;;;;;;;;;;;;;
23458;1018;1020;24680;117;124;;;;;;;;;;;;;
23459;1010;1024;24680;106;114;;;;;;;;;;;;;
23460;1007;1015;24680;114;106;;;;;;;;;;;;;
23461;1005;1012;24680;123;117;;;;;;;;;;;;;
23462;1030;1013;24680;104;116;;;;;;;;;;;;;
23463;1011;1001;24680;117;125;;;;;;;;;;;;;
23464;1021;1004;24680;127;104;;;;;;;;;;;;;
23465;1008;1025;24680;133;120;;;;;;;;;;;;;
23466;1029;1022;24680;117;106;;;;;;;;;;;;;
23467;1030;1014;24680;111;127;;;;;;;;;;;;;
23468;1021;1009;24680;131;109;;;;;;;;;;;;;
23469;1026;1003;24680;122;108;;;;;;;;;;;;;
23470;1007;1002;24680;118;95;;;;;;;;;;;;;
23471;1017;1010;24680;129;105;;;;;;;;;;;;;
23472;1006;1028;24680;118;110;;;;;;;;;;;;;
23473;1020;1024;24680;115;129;;;;;;;;;;;;;
23474;1008;1019;24680;128;122;;;;;;;;;;;;;
23475;1016;1023;24680;114;106;;;;;;;;;;;;;
23476;1011;1004;24680;127;121;;;;;;;;;;;;;
23477;1027;1005;24680;104;107;;;;;;;;;;;;;
23478;1015;1001;24680;129;133;;;;;;;;;;;;;
23479;1012;1010;24680;84;120;;;;;;;;;;;;;
23480;1016;1025;24680;106;135;;;;;;;;;;;;;
23481;1029;1023;24680;122;139;;;;;;;;;;;;;
23482;1018;1026;24680;111;146;;;;;;;;;;;;;
23483;1008;1022;24680;106;112;;;;;;;;;;;;;
23484;1030;1002;24680;103;123;;;;;;;;;;;;;
23485;1004;1015;24680;119;113;;;;;;;;;;;;;
23486;1006;1014;24680;108;114;;;;;;;;;;;;;
23487;1028;1012;24680;106;115;;;;;;;;;;;;;
23488;1007;1005;24680;119;95;;;;;;;;;;;;;
23489;1009;1003;24680;125;111;;;;;;;;;;;;;
23490;1027;1011;24680;113;122;;;;;;;;;;;;;
23491;1024;1021;24680;112;113;;;;;;;;;;;;;
23492;1029;1019;24680;93;84;;;;;;;;;;;;;
23493;1001;1013;24680;110;106;;;;;;;;;;;;;
23494;1025;1018;24680;113;127;;;;;;;;;;;;;
23495;1004;1007;24680;123;121;;;;;;;;;;;;;
23496;1009;1012;24680;102;111;;;;;;;;;;;;;
23497;1030;1005;24680;122;99;;;;;;;;;;;;;
23498;1006;1011;24680;136;126;;;;;;;;;;;;;
23499;1016;1010;24680;95;112;;;;;;;;;;;;;
23500;1029;1028;24680;96;87;;;;;;;;;;;;;
23501;1003;1027;24680;103;105;;;;;;;;;;;;;
23502;1015;1026;24680;104;112;;;;;;;;;;;;;
23503;1021;1020;24680;129;107;;;;;;;;;;;;;
23504;1017;1022;24680;121;100;;;;;;;;;;;;;
23505;1018;1014;24680;127;113;;;;;;;;;;;;;
23506;1001;1002;24680;118;110;;;;;;;;;;;;;
23507;1013;1010;24680;123;97;;;;;;;;;;;;;
23508;1017;1019;24680;121;109;;;;;;;;;;;;;
23509;1025;1024;24680;125;130;;;;;;;;;;;;;
23510;1008;1023;24680;111;125;;;;;;;;;;;;;
23511;1013;1004;24680;109;104;;;;;;;;;;;;;
23512;1003;1014;24680;100;118;;;;;;;;;;;;;
23513;1011;1012;24680;99;122;;;;;;;;;;;;;
23514;1009;1005;24680;127;125;;;;;;;;;;;;;
23515;1006;1007;24680;105;108;;;;;;;;;;;;;
23516;1002;1001;24680;86;136;;;;;;;;;;;;;
23517;1015;1029;24680;126;133;;;;;;;;;;;;;
23518;1027;1028;24680;113;121;;;;;;;;;;;;;
23519;1030;1026;24680;93;116;;;;;;;;;;;;;
23520;1023;1020;24680;138;122;;;;;;;;;;;;;
23521;1008;1024;24680;100;116;;;;;;;;;;;;;
23522;1025;1016;24680;102;98;;;;;;;;;;;;;
23523;1022;1021;24680;130;125;;;;;;;;;;;;;
23524;1001;1028;24680;110;113;;;;;;;;;;;;;
23525;1021;1020;24680;140;137;;;;;;;;;;;;;
23526;1017;1019;24680;128;91;;;;;;;;;;;;;
23527;1002;1005;24680;93;121;;;;;;;;;;;;;
23528;1003;1004;24680;110;96;;;;;;;;;;;;;
23529;1008;1009;24680;115;129;;;;;;;;;;;;;
23530;1014;1007;24680;116;109;;;;;;;;;;;;;
23531;1024;1026;24680;113;123;;;;;;;;;;;;;
23532;1022;1018;24680;107;129;;;;;;;;;;;;;
23533;1027;1029;24680;105;127;;;;;;;;;;;;;
23534;1001;1006;24680;129;112;;;;;;;;;;;;;
23535;1012;1020;24680;115;107;;;;;;;;;;;;;
23536;1015;1016;24680;110;130;;;;;;;;;;;;;
23537;1030;1025;24680;122;127;;;;;;;;;;;;;
23538;1023;1021;24680;110;128;;;;;;;;;;;;;
23539;1007;1004;24680;97;104;;;;;;;;;;;;;
23540;1005;1011;24680;123;121;;;;;;;;;;;;;
23541;1013;1029;24680;106;95;;;;;;;;;;;;;
23542;1015;1018;24680;106;147;;;;;;;;;;;;;
23543;1022;1028;24680;101;95;;;;;;;;;;;;;
23544;1024;1027;24680;110;114;;;;;;;;;;;;;
23545;1016;1019;24680;127;112;;;;;;;;;;;;;
23546;1012;1021;24680;84;97;;;;;;;;;;;;;
23547;1010;1017;24680;112;107;;;;;;;;;;;;;
23548;1030;1023;24680;118;123;;;;;;;;;;;;;
23549;1014;1008;24680;112;109;;;;;;;;;;;;;
23550;1001;1003;24680;116;102;;;;;;;;;;;;;
23551;1002;1017;24680;86;101;;;;;;;;;;;;;
23552;1010;1004;24680;119;98;;;;;;;;;;;;;
23553;1023;1024;24680;113;123;;;;;;;;;;;;;
23554;1026;1009;24680;111;133;;;;;;;;;;;;;
23555;1007;1015;24680;114;105;;;;;;;;;;;;;
23556;1016;1021;24680;119;103;;;;;;;;;;;;;
23557;1006;1029;24680;114;106;;;;;;;;;;;;;
23558;1018;1027;24680;123;110;;;;;;;;;;;;;
23559;1014;1011;24680;92;109;;;;;;;;;;;;;
23560;1030;1020;24680;109;128;;;;;;;;;;;;;
23561;1012;1019;24680;93;80;;;;;;;;;;;;;
23562;1025;1022;24680;123;107;;;;;;;;;;;;;
23563;1005;1009;24680;130;122;;;;;;;;;;;;;
23564;1008;1003;24680;111;113;;;;;;;;;;;;;
23565;1002;1028;24680;111;86;;;;;;;;;;;;;
23566;1013;1025;24680;121;110;;;;;;;;;;;;;
23567;1021;1015;24680;123;112;;;;;;;;;;;;;
23568;1002;1014;24680;81;108;;;;;;;;;;;;;
23569;1026;1007;24680;119;121;;;;;;;;;;;;;
23570;1029;1003;24680;115;92;;;;;;;;;;;;;
23571;1004;1001;24680;99;117;;;;;;;;;;;;;
23572;1020;1011;24680;97;124;;;;;;;;;;;;;
23573;1012;1010;24680;85;123;;;;;;;;;;;;;
23574;1008;1006;24680;105;95;;;;;;;;;;;;;
23575;1030;1017;24680;105;114;;;;;;;;;;;;;
23576;1013;1019;24680;106;96;;;;;;;;;;;;;
23577;1027;1018;24680;95;112;;;;;;;;;;;;;
23578;1026;1005;24680;136;125;;;;;;;;;;;;;
23579;1029;1009;24680;114;123;;;;;;;;;;;;;
23580;1007;1006;24680;123;132;;;;;;;;;;;;;
23581;1028;1017;24680;101;110;;;;;;;;;;;;;
23582;1025;1016;24680;96;117;;;;;;;;;;;;;
23583;1023;1022;24680;116;112;;;;;;;;;;;;;
23584;1020;1014;24680;107;115;;;;;;;;;;;;;
23585;1010;1012;24680;111;99;;;;;;;;;;;;;
23586;1021;1003;24680;110;99;;;;;;;;;;;;;
23587;1011;1002;24680;97;124;;;;;;;;;;;;;
23588;1018;1030;24680;118;132;;;;;;;;;;;;;
23589;1027;1024;24680;105;110;;;;;;;;;;;;;
23590;1013;1016;24680;97;103;;;;;;;;;;;;;
23591;1015;1023;24680;131;134;;;;;;;;;;;;;
23592;1012;1004;24680;114;121;;;;;;;;;;;;;
23593;1007;1008;24680;110;100;;;;;;;;;;;;;
23594;1021;1005;24680;120;105;;;;;;;;;;;;;
23595;1026;1001;24680;110;138;;;;;;;;;;;;;
23596;1009;1029;24680;102;129;;;;;;;;;;;;;
23597;1025;1017;24680;124;120;;;;;;;;;;;;;
23598;1019;1028;24680;122;92;;;;;;;;;;;;;
23599;1010;1006;24680;113;97;;;;;;;;;;;;;
23600;1015;1022;24680;115;140;;;;;;;;;;;;;
23601;1011;1002;24680;102;114;;;;;;;;;;;;;
23602;1020;1013;24680;120;126;;;;;;;;;;;;;
23603;1019;1028;24680;107;100;;;;;;;;;;;;;
23604;1016;1023;24680;124;114;;;;;;;;;;;;;
23605;1027;1024;24680;118;109;;;;;;;;;;;;;
23606;1004;1026;24680;120;116;;;;;;;;;;;;;
23607;1022;1017;24680;89;88;;;;;;;;;;;;;
23608;1021;1001;24680;88;140;;;;;;;;;;;;;
23609;1012;1005;24680;106;111;;;;;;;;;;;;;
23610;1008;1014;24680;91;113;;;;;;;;;;;;;
23611;1009;1030;24680;105;117;;;;;;;;;;;;;
23612;1003;1007;24680;107;98;;;;;;;;;;;;;
23613;1018;1024;24680;118;110;;;;;;;;;;;;;
23614;1028;1002;24680;106;102;;;;;;;;;;;;;
23615;1019;1017;24680;114;119;;;;;;;;;;;;;
23616;1022;1010;24680;106;113;;;;;;;;;;;;;
23617;1015;1020;24680;115;127;;;;;;;;;;;;;
23618;1006;1025;24680;113;109;;;;;;;;;;;;;
23619;1018;1023;24680;104;116;;;;;;;;;;;;;
23620;1014;1012;24680;101;89;;;;;;;;;;;;;
23621;1029;1005;24680;139;98;;;;;;;;;;;;;
23622;1011;1003;24680;116;100;;;;;;;;;;;;;
23623;1008;1013;24680;110;118;;;;;;;;;;;;;
23624;1004;1002;24680;107;112;;;;;;;;;;;;;
23625;1001;1007;24680;104;105;;;;;;;;;;;;;
23626;1030;1027;24680;101;114;;;;;;;;;;;;;
23627;1009;1026;24680;137;120;;;;;;;;;;;;;
23628;1024;1016;24680;117;107;;;;;;;;;;;;;
23629;1014;1015;24680;119;109;;;;;;;;;;;;;
23630;1022;1027;24680;122;116;;;;;;;;;;;;;
23631;1028;1004;24680;115;109;;;;;;;;;;;;;
23632;1007;1011;24680;101;112;;;;;;;;;;;;;
23633;1006;1020;24680;119;117;;;;;;;;;;;;;
23634;1018;1019;24680;128;120;;;;;;;;;;;;;
23635;1010;1021;24680;90;125;;;;;;;;;;;;;
23636;1025;1023;24680;130;120;;;;;;;;;;;;;
23637;1017;1009;24680;113;111;;;;;;;;;;;;;
23638;1002;1008;24680;112;118;;;;;;;;;;;;;
23639;1013;1026;24680;108;114;;;;;;;;;;;;;
23640;1005;1024;24680;113;120;;;;;;;;;;;;;
23641;1030;1025;24680;129;131;;;;;;;;;;;;;
23642;1006;1021;24680;125;122;;;;;;;;;;;;;
23643;1001;1016;24680;109;115;;;;;;;;;;;;;
23644;1012;1015;24680;100;112;;;;;;;;;;;;;
23645;1029;1004;24680;103;95;;;;;;;;;;;;;
23646;1014;1003;24680;74;98;;;;;;;;;;;;;
23647;1017;1007;24680;104;113;;;;;;;;;;;;;
23648;1013;1018;24680;100;107;;;;;;;;;;;;;
23649;1011;1028;24680;99;92;;;;;;;;;;;;;
23650;1027;1019;24680;123;107;;;;;;;;;;;;;
23651;1010;1023;24680;122;123;;;;;;;;;;;;;
23652;1006;1022;24680;102;112;;;;;;;;;;;;;
23653;1026;1008;24680;142;124;;;;;;;;;;;;;
23654;1002;1012;24680;99;110;;;;;;;;;;;;;
23655;1030;1021;24680;126;113;;;;;;;;;;;;;
23656;1001;1024;24680;117;107;;;;;;;;;;;;;
23657;1020;1016;24680;121;142;;;;;;;;;;;;;
23658;1005;1019;24680;118;128;;;;;;;;;;;;;
23659;1010;1022;24680;124;117;;;;;;;;;;;;;
23660;1027;1025;24680;112;104;;;;;;;;;;;;;
23661;1009;1014;24680;111;97;;;;;;;;;;;;;
23662;1015;1013;24680;110;108;;;;;;;;;;;;;
23663;1029;1011;24680;116;103;;;;;;;;;;;;;
23664;1028;1018;24680;93;124;;;;;;;;;;;;;
23665;1002;1007;24680;120;101;;;;;;;;;;;;;
23666;1004;1003;24680;79;73;;;;;;;;;;;;;
23667;1017;1023;24680;109;120;;;;;;;;;;;;;
23668;1012;1008;24680;97;114;;;;;;;;;;;;;
23669;1024;1007;24680;117;111;;;;;;;;;;;;;
23670;1021;1030;24680;112;102;;;;;;;;;;;;;
23671;1026;1006;24680;127;92;;;;;;;;;;;;;
23672;1005;1016;24680;119;125;;;;;;;;;;;;;
23673;1001;1019;24680;121;99;;;;;;;;;;;;;
23674;1004;1003;24680;79;106;;;;;;;;;;;;;
23675;1009;1018;24680;121;111;;;;;;;;;;;;;
23676;1015;1028;24680;97;109;;;;;;;;;;;;;
23677;1027;1030;24680;103;101;;;;;;;;;;;;;
23678;1001;1022;24680;123;107;;;;;;;;;;;;;
23679;1010;1025;24680;94;129;;;;;;;;;;;;;
23680;1017;1022;24680;118;100;;;;;;;;;;;;;
23681;1002;1014;24680;106;114;;;;;;;;;;;;;
23682;1005;1008;24680;104;113;;;;;;;;;;;;;
23683;1016;1013;24680;1010;88;;;;;;;;;;;;;
23684;1006;1009;24680;132;129;;;;;;;;;;;;;
23685;1007;1029;24680;116;95;;;;;;;;;;;;;
23686;1012;1028;24680;110;98;;;;;;;;;;;;;
23687;1021;1026;24680;99;109;;;;;;;;;;;;;
23688;1023;1025;24680;107;120;;;;;;;;;;;;;
23689;1011;1019;24680;102;106;;;;;;;;;;;;;
23690;1024;1001;24680;112;127;;;;;;;;;;;;;
23691;1004;1010;24680;105;114;;;;;;;;;;;;;
23692;1015;1027;24680;119;135;;;;;;;;;;;;;
23693;1022;1006;24680;126;111;;;;;;;;;;;;;
23694;1003;1019;24680;105;93;;;;;;;;;;;;;
23695;1026;1018;24680;119;126;;;;;;;;;;;;;
23696;1013;1008;24680;108;95;;;;;;;;;;;;;
23697;1024;1012;24680;107;96;;;;;;;;;;;;;
23698;1014;1005;24680;113;103;;;;;;;;;;;;;
23699;1022;1029;24680;104;112;;;;;;;;;;;;;
23700;1016;1030;24680;117;106;;;;;;;;;;;;;
23701;1011;1022;24680;122;124;;;;;;;;;;;;;
23702;1007;1027;24680;103;117;;;;;;;;;;;;;
23703;1019;1029;24680;107;126;;;;;;;;;;;;;
23704;1012;1004;24680;98;109;;;;;;;;;;;;;
23705;1002;1009;24680;100;121;;;;;;;;;;;;;
23706;1018;1028;24680;118;112;;;;;;;;;;;;;
23707;1015;1006;24680;98;127;;;;;;;;;;;;;
23708;1021;1023;24680;128;121;;;;;;;;;;;;;
23709;1017;1020;24680;119;100;;;;;;;;;;;;;
23710;1003;1025;24680;98;91;;;;;;;;;;;;;
23711;1024;1010;24680;129;140;;;;;;;;;;;;;
23712;1011;1008;24680;104;101;;;;;;;;;;;;;
23713;1016;1026;24680;105;107;;;;;;;;;;;;;
23714;1001;1015;24680;130;104;;;;;;;;;;;;;
23715;1005;1014;24680;96;111;;;;;;;;;;;;;
23716;1002;1030;24680;115;122;;;;;;;;;;;;;
23717;1011;1022;24680;110;93;;;;;;;;;;;;;
23718;1007;1009;24680;108;103;;;;;;;;;;;;;
23719;1013;1004;24680;91;98;;;;;;;;;;;;;
23720;1008;1001;24680;94;119;;;;;;;;;;;;;
23721;1019;1006;24680;107;110;;;;;;;;;;;;;
23722;1017;1020;24680;114;104;;;;;;;;;;;;;
23723;1028;1025;24680;111;121;;;;;;;;;;;;;
23724;1003;1021;24680;119;112;;;;;;;;;;;;;
23725;1011;1023;24680;105;136;;;;;;;;;;;;;
23726;1027;1015;24680;137;114;;;;;;;;;;;;;
23727;1012;1014;24680;92;112;;;;;;;;;;;;;
23728;1029;1002;24680;104;91;;;;;;;;;;;;;
23729;1026;1030;24680;113;107;;;;;;;;;;;;;
23730;1016;1017;24680;115;112;;;;;;;;;;;;;
23731;1009;1008;24680;122;103;;;;;;;;;;;;;
23732;1013;1007;24680;107;104;;;;;;;;;;;;;
23733;1025;1005;24680;123;89;;;;;;;;;;;;;
23734;1010;1001;24680;119;122;;;;;;;;;;;;;
23735;1020;1018;24680;107;119;;;;;;;;;;;;;
23736;1022;1019;24680;116;103;;;;;;;;;;;;;
23737;1004;1024;24680;102;115;;;;;;;;;;;;;
23738;1028;1021;24680;116;137;;;;;;;;;;;;;
23739;1025;1015;24680;102;109;;;;;;;;;;;;;
23740;1029;1014;24680;106;121;;;;;;;;;;;;;
23741;1002;1010;24680;108;115;;;;;;;;;;;;;
23742;1006;1027;24680;117;127;;;;;;;;;;;;;
23743;1020;1026;24680;97;113;;;;;;;;;;;;;
23744;1003;1016;24680;100;113;;;;;;;;;;;;;
23745;1011;1024;24680;115;128;;;;;;;;;;;;;
23746;1018;1005;24680;123;103;;;;;;;;;;;;;
23747;1001;1008;24680;129;102;;;;;;;;;;;;;
23748;1028;1030;24680;99;97;;;;;;;;;;;;;
23749;1007;1017;24680;91;104;;;;;;;;;;;;;
23750;1029;1013;24680;111;88;;;;;;;;;;;;;
23751;1022;1019;24680;125;117;;;;;;;;;;;;;
23752;1009;1021;24680;123;111;;;;;;;;;;;;;
23753;1004;1023;24680;94;101;;;;;;;;;;;;;
23754;1002;1003;24680;93;105;;;;;;;;;;;;;
23755;1025;1014;24680;109;107;;;;;;;;;;;;;
23756;1012;1011;24680;91;132;;;;;;;;;;;;;
23757;1024;1030;24680;131;106;;;;;;;;;;;;;
23758;1020;1027;24680;119;147;;;;;;;;;;;;;
23759;1001;1006;24680;124;113;;;;;;;;;;;;;
23760;1005;1015;24680;109;112;;;;;;;;;;;;;
23761;1016;1019;24680;114;111;;;;;;;;;;;;;
23762;1029;1008;24680;114;101;;;;;;;;;;;;;
23763;1004;1022;24680;121;107;;;;;;;;;;;;;
23764;1007;1013;24680;84;121;;;;;;;;;;;;;
23765;1021;1017;24680;110;114;;;;;;;;;;;;;
23766;1018;1010;24680;93;118;;;;;;;;;;;;;
23767;1009;1023;24680;145;150;;;;;;;;;;;;;
23768;1012;1007;24680;92;115;;;;;;;;;;;;;
23769;1002;1005;24680;96;88;;;;;;;;;;;;;
23770;1008;1003;24680;99;124;;;;;;;;;;;;;
23771;1001;1011;24680;118;120;;;;;;;;;;;;;
23772;1024;1030;24680;102;104;;;;;;;;;;;;;
23773;1019;1027;24680;92;110;;;;;;;;;;;;;
23774;1015;1006;24680;107;105;;;;;;;;;;;;;
23775;1026;1020;24680;115;105;;;;;;;;;;;;;
23776;1028;1016;24680;103;128;;;;;;;;;;;;;
23777;1004;1025;24680;96;108;;;;;;;;;;;;;
23778;1009;1022;24680;133;116;;;;;;;;;;;;;
23779;1023;1010;24680;128;124;;;;;;;;;;;;;
23780;1021;1013;24680;113;92;;;;;;;;;;;;;
23781;1018;1029;24680;119;112;;;;;;;;;;;;;
23782;1026;1025;24680;132;96;;;;;;;;;;;;;
23783;1002;1015;24680;122;119;;;;;;;;;;;;;
23784;1021;1014;24680;101;93;;;;;;;;;;;;;
23785;1007;1012;24680;111;118;;;;;;;;;;;;;
23786;1003;1005;24680;145;101;;;;;;;;;;;;;
23787;1022;1004;24680;108;107;;;;;;;;;;;;;
23788;1019;1011;24680;106;120;;;;;;;;;;;;;
23789;1027;1018;24680;132;126;;;;;;;;;;;;;
23790;1008;1017;24680;91;106;;;;;;;;;;;;;
23791;1023;1028;24680;136;124;;;;;;;;;;;;;
23792;1009;1006;24680;99;125;;;;;;;;;;;;;
23793;1030;1020;24680;118;111;;;;;;;;;;;;;
23794;1024;1016;24680;104;97;;;;;;;;;;;;;
23795;1001;1011;24680;122;123;;;;;;;;;;;;;
23796;1010;1029;24680;100;107;;;;;;;;;;;;;
23797;1008;1015;24680;96;87;;;;;;;;;;;;;
23798;1022;1014;24680;100;97;;;;;;;;;;;;;
23799;1023;1008;24680;90;109;;;;;;;;;;;;;
23800;1021;1012;24680;115;97;;;;;;;;;;;;;
23801;1004;1007;24680;114;117;;;;;;;;;;;;;
23802;1006;1002;24680;108;125;;;;;;;;;;;;;
23803;1003;1030;24680;126;130;;;;;;;;;;;;;
23804;1024;1018;24680;103;128;;;;;;;;;;;;;
23805;1019;1013;24680;82;142;;;;;;;;;;;;;
23806;1017;1016;24680;111;98;;;;;;;;;;;;;
23807;1027;1020;24680;101;100;;;;;;;;;;;;;
23808;1026;1025;24680;107;103;;;;;;;;;;;;;
23809;1001;1029;24680;104;92;;;;;;;;;;;;;
23810;1028;1014;24680;88;118;;;;;;;;;;;;;
23811;1010;1011;24680;122;113;;;;;;;;;;;;;
23812;1007;1016;24680;101;130;;;;;;;;;;;;;
23813;1013;1015;24680;119;107;;;;;;;;;;;;;
23814;1004;1005;24680;135;120;;;;;;;;;;;;;
23815;1022;1012;24680;130;118;;;;;;;;;;;;;
23816;1023;1002;24680;116;104;;;;;;;;;;;;;
23817;1021;1030;24680;117;113;;;;;;;;;;;;;
23818;1006;1017;24680;109;101;;;;;;;;;;;;;
23819;1026;1027;24680;125;107;;;;;;;;;;;;;
23820;1018;1003;24680;113;112;;;;;;;;;;;;;
23821;1020;1025;24680;106;127;;;;;;;;;;;;;
23822;1019;1014;24680;103;104;;;;;;;;;;;;;
23823;1002;1009;24680;111;133;;;;;;;;;;;;;
23824;1028;1008;24680;110;108;;;;;;;;;;;;;
23825;1001;1012;24680;118;104;;;;;;;;;;;;;
23826;1024;1029;24680;124;111;;;;;;;;;;;;;
23827;1011;1006;24680;113;101;;;;;;;;;;;;;
23828;1010;1015;24680;113;117;;;;;;;;;;;;;
23829;1023;1005;24680;128;111;;;;;;;;;;;;;
23830;1003;1013;24680;99;109;;;;;;;;;;;;;
23831;1018;1004;24680;105;109;;;;;;;;;;;;;
23832;1027;1017;24680;106;113;;;;;;;;;;;;;
23833;1007;1020;24680;129;113;;;;;;;;;;;;;
23834;1030;1016;24680;105;110;;;;;;;;;;;;;
23835;1022;1025;24680;95;109;;;;;;;;;;;;;
23836;1026;1021;24680;100;104;;;;;;;;;;;;;
23837;1023;1015;24680;125;120;;;;;;;;;;;;;
23838;1019;1012;24680;89;86;;;;;;;;;;;;;
23839;1009;1002;24680;111;115;;;;;;;;;;;;;
23840;1018;1001;24680;100;135;;;;;;;;;;;;;
23841;1008;1011;24680;113;121;;;;;;;;;;;;;
23842;1014;1029;24680;117;108;;;;;;;;;;;;;
23843;1005;1017;24680;85;133;;;;;;;;;;;;;
23844;1028;1010;24680;111;101;;;;;;;;;;;;;
23845;1007;1024;24680;101;122;;;;;;;;;;;;;
23846;1011;1026;24680;95;109;;;;;;;;;;;;;
23847;1025;1003;24680;109;120;;;;;;;;;;;;;
23848;1004;1013;24680;109;105;;;;;;;;;;;;;
23849;1021;1027;24680;133;110;;;;;;;;;;;;;
23850;1016;1022;24680;100;102;;;;;;;;;;;;;
23851;1019;1015;24680;108;102;;;;;;;;;;;;;
23852;1018;1009;24680;112;126;;;;;;;;;;;;;
23853;1014;1012;24680;115;124;;;;;;;;;;;;;
23854;1025;1001;24680;100;101;;;;;;;;;;;;;
23855;1030;1029;24680;111;109;;;;;;;;;;;;;
23856;1005;1010;24680;117;111;;;;;;;;;;;;;
23857;1008;1028;24680;90;108;;;;;;;;;;;;;
23858;1013;1027;24680;119;104;;;;;;;;;;;;;
23859;1003;1006;24680;100;108;;;;;;;;;;;;;
23860;1021;1026;24680;106;108;;;;;;;;;;;;;
23861;1017;1024;24680;87;97;;;;;;;;;;;;;
23862;1020;1022;24680;102;131;;;;;;;;;;;;;
23863;1007;1023;24680;97;116;;;;;;;;;;;;;
23864;1008;1002;24680;103;113;;;;;;;;;;;;;
23865;1004;1028;24680;116;96;;;;;;;;;;;;;
23866;1011;1016;24680;110;142;;;;;;;;;;;;;
23867;1007;1022;24680;118;120;;;;;;;;;;;;;
23868;1027;1026;24680;136;147;;;;;;;;;;;;;
23869;1013;1009;24680;115;117;;;;;;;;;;;;;
23870;1029;1024;24680;113;115;;;;;;;;;;;;;
23871;1015;1005;24680;122;130;;;;;;;;;;;;;
23872;1006;1014;24680;98;113;;;;;;;;;;;;;
23873;1018;1012;24680;121;118;;;;;;;;;;;;;
23874;1019;1001;24680;107;124;;;;;;;;;;;;;
23875;1004;1030;24680;133;126;;;;;;;;;;;;;
23876;1003;1010;24680;122;109;;;;;;;;;;;;;
23877;1025;1002;24680;107;77;;;;;;;;;;;;;
23878;1020;1021;24680;110;118;;;;;;;;;;;;;
23879;1017;1023;24680;127;117;;;;;;;;;;;;;
23880;1009;1005;24680;140;123;;;;;;;;;;;;;
23881;1008;1004;24680;102;120;;;;;;;;;;;;;
23882;1026;1012;24680;130;104;;;;;;;;;;;;;
23883;1001;1010;24680;91;104;;;;;;;;;;;;;
23884;1013;1011;24680;117;111;;;;;;;;;;;;;
23885;1025;1018;24680;105;112;;;;;;;;;;;;;
23886;1015;1017;24680;121;130;;;;;;;;;;;;;
23887;1030;1028;24680;102;87;;;;;;;;;;;;;
23888;1014;1027;24680;106;118;;;;;;;;;;;;;
23889;1003;1006;24680;128;117;;;;;;;;;;;;;
23890;1016;1020;24680;111;95;;;;;;;;;;;;;
23891;1029;1019;24680;110;100;;;;;;;;;;;;;
23892;1022;1024;24680;105;92;;;;;;;;;;;;;
23893;1021;1023;24680;134;120;;;;;;;;;;;;;
23894;1028;1007;24680;98;110;;;;;;;;;;;;;
23895;1026;1013;24680;111;92;;;;;;;;;;;;;
23896;1005;1002;24680;102;106;;;;;;;;;;;;;
23897;1012;1011;24680;115;114;;;;;;;;;;;;;
23898;1030;1018;24680;89;127;;;;;;;;;;;;;
23899;1014;1010;24680;99;117;;;;;;;;;;;;;
23900;1017;1016;24680;107;116;;;;;;;;;;;;;
23901;1024;1022;24680;124;108;;;;;;;;;;;;;
23902;1006;1008;24680;127;105;;;;;;;;;;;;;
23903;1003;1001;24680;118;109;;;;;;;;;;;;;
23904;1027;1020;24680;121;124;;;;;;;;;;;;;
23905;1029;1025;24680;135;123;;;;;;;;;;;;;
23906;1021;1019;24680;100;92;;;;;;;;;;;;;
23907;1006;1015;24680;129;127;;;;;;;;;;;;;
23908;1014;1004;24680;113;125;;;;;;;;;;;;;
23909;1002;1003;24680;107;111;;;;;;;;;;;;;
23910;1009;1007;24680;120;129;;;;;;;;;;;;;
23911;1012;1001;24680;98;131;;;;;;;;;;;;;
23912;1016;1030;24680;120;121;;;;;;;;;;;;;
23913;1010;1018;24680;107;125;;;;;;;;;;;;;
23914;1011;1017;24680;106;109;;;;;;;;;;;;;
23915;1023;1028;24680;123;120;;;;;;;;;;;;;
23916;1005;1013;24680;103;125;;;;;;;;;;;;;
23917;1008;1026;24680;107;89;;;;;;;;;;;;;
23918;1027;1019;24680;116;107;;;;;;;;;;;;;
23919;1029;1021;24680;114;109;;;;;;;;;;;;;
23920;1024;1025;24680;108;107;;;;;;;;;;;;;
23921;1020;1022;24680;110;109;;;;;;;;;;;;;
23922;1002;1004;24680;86;107;;;;;;;;;;;;;
23923;1010;1014;24680;88;113;;;;;;;;;;;;;
23924;106;1003;24680;119;120;;;;;;;;;;;;;
23925;1005;1013;24680;103;118;;;;;;;;;;;;;
23926;1011;1009;24680;115;157;;;;;;;;;;;;;
23927;1012;1007;24680;120;110;;;;;;;;;;;;;
23928;1015;1001;24680;122;132;;;;;;;;;;;;;
23929;1019;1025;24680;88;121;;;;;;;;;;;;;
23930;1027;1022;24680;116;105;;;;;;;;;;;;;
23931;1020;1021;24680;116;123;;;;;;;;;;;;;
23932;1008;1030;24680;95;123;;;;;;;;;;;;;
23933;1026;1018;24680;86;135;;;;;;;;;;;;;
23934;1023;1029;24680;124;108;;;;;;;;;;;;;
23935;1024;1017;24680;125;106;;;;;;;;;;;;;
23936;1016;1028;24680;126;111;;;;;;;;;;;;;
23937;1023;1029;36701;110;106;;;;;;;;;;;;;
23938;1021;1025;36701;94;118;;;;;;;;;;;;;
23939;1013;1004;36701;104;105;;;;;;;;;;;;;
23940;1011;1006;36701;116;131;;;;;;;;;;;;;
23941;1006;1013;36701;91;112;;;;;;;;;;;;;
23942;1025;1029;36701;98;105;;;;;;;;;;;;;
23943;1014;1007;36701;83;97;;;;;;;;;;;;;
23944;1024;1017;36701;95;120;;;;;;;;;;;;;
23945;1004;1003;36701;104;111;;;;;;;;;;;;;
23946;1023;1016;36701;103;114;;;;;;;;;;;;;
23947;1013;1001;36701;94;114;;;;;;;;;;;;;
23948;1026;1022;36701;97;109;;;;;;;;;;;;;
23949;1009;1010;36701;94;109;;;;;;;;;;;;;
23950;1029;1018;36701;92;94;;;;;;;;;;;;;
23951;1014;1007;36701;86;96;;;;;;;;;;;;;
23952;1004;1003;36701;101;104;;;;;;;;;;;;;
23953;1023;1016;36701;99;101;;;;;;;;;;;;;
23954;1024;1017;36701;93;105;;;;;;;;;;;;;
23955;1009;1010;36701;125;108;;;;;;;;;;;;;
23956;1026;1022;36701;96;93;;;;;;;;;;;;;
23957;1013;1001;36701;111;101;;;;;;;;;;;;;
23958;1029;1018;36701;92;124;;;;;;;;;;;;;
23959;1007;1014;36701;83;121;;;;;;;;;;;;;
23960;1003;1004;36701;114;125;;;;;;;;;;;;;
23961;1016;1023;36701;112;105;;;;;;;;;;;;;
23962;1010;1009;36701;118;121;;;;;;;;;;;;;
23963;1022;1026;36701;90;101;;;;;;;;;;;;;
23964;1017;1024;36701;126;109;;;;;;;;;;;;;
23965;1007;1014;36701;89;112;;;;;;;;;;;;;
23966;1018;1029;36701;106;85;;;;;;;;;;;;;
23967;1001;1013;36701;104;84;;;;;;;;;;;;;
23968;1016;1023;36701;108;119;;;;;;;;;;;;;
23969;1003;1004;36701;97;92;;;;;;;;;;;;;
23970;1022;1026;36701;116;111;;;;;;;;;;;;;
23971;1010;1009;36701;113;126;;;;;;;;;;;;;
23972;1017;1024;36701;122;116;;;;;;;;;;;;;
23973;1001;1013;36701;102;88;;;;;;;;;;;;;
23974;1018;1029;36701;97;89;;;;;;;;;;;;;
23975;1023;1016;36701;106;108;;;;;;;;;;;;;
23976;1004;1003;36701;112;106;;;;;;;;;;;;;
23977;1014;1007;36701;103;104;;;;;;;;;;;;;
23978;1009;1010;36701;92;115;;;;;;;;;;;;;
23979;1013;1001;36701;84;118;;;;;;;;;;;;;
23980;1026;1022;36701;123;93;;;;;;;;;;;;;
23981;1010;1009;36701;98;120;;;;;;;;;;;;;
23982;1003;1004;36701;118;115;;;;;;;;;;;;;
23983;1007;1014;36701;96;103;;;;;;;;;;;;;
23984;1022;1026;36701;101;114;;;;;;;;;;;;;
23985;1017;1016;36701;106;99;;;;;;;;;;;;;
23986;1014;1007;36701;94;106;;;;;;;;;;;;;
23987;1009;1003;36701;117;121;;;;;;;;;;;;;
23988;1017;1016;36701;106;80;;;;;;;;;;;;;
23989;1007;1001;36701;95;120;;;;;;;;;;;;;
23990;1026;1018;36701;95;117;;;;;;;;;;;;;
23991;1009;1003;36701;121;130;;;;;;;;;;;;;
23992;1007;1001;36701;118;94;;;;;;;;;;;;;
23993;1026;1018;36701;119;110;;;;;;;;;;;;;
23994;1003;1009;36701;106;111;;;;;;;;;;;;;
23995;1016;1017;36701;117;90;;;;;;;;;;;;;
23996;1018;1026;36701;101;105;;;;;;;;;;;;;
;;;;;;;;;;;;;;;;;;
;;;;;;;;;;;;;;;;;;
;;;;;;;;;;;;;;;;;;
;;;;;;;;;;;;;;;;;;
;;;;;;;;;;;;;;;;;;
;;;;;;;;;;;;;;;;;;
;;;;;;;;;;;;;;;;;;
;;;;;;;;;;;;;;;;;;
;;;;;;;;;;;;;;;;;;
;;;;;;;;;;;;;;;;;;
;;;;;;;;;;;;;;;;;;
;;;;;;;;;;;;;;;;;;
;;;;;;;;;;;;;;;;;;
;;;;;;;;;;;;;;;;;;
;;;;;;;;;;;;;;;;;;
;;;;;;;;;;;;;;;;;;
;;;;;;;;;;;;;;;;;;
;;;;;;;;;;;;;;;;;;
;;;;;;;;;;;;;;;;;;
;;;;;;;;;;;;;;;;;;
;;;;;;;;;;;;;;;;;;
;;;;;;;;;;;;;;;;;;
;;;;;;;;;;;;;;;;;;
;;;;;;;;;;;;;;;;;;
;;;;;;;;;;;;;;;;;;
;;;;;;;;;;;;;;;;;;
;;;;;;;;;;;;;;;;;;
;;;;;;;;;;;;;;;;;;
;;;;;;;;;;;;;;;;;;
;;;;;;;;;;;;;;;;;;
;;;;;;;;;;;;;;;;;;
;;;;;;;;;;;;;;;;;;
;;;;;;;;;;;;;;;;;;
;;;;;;;;;;;;;;;;;;
;;;;;;;;;;;;;;;;;;
;;;;;;;;;;;;;;;;;;
;;;;;;;;;;;;;;;;;;
;;;;;;;;;;;;;;;;;;
;;;;;;;;;;;;;;;;;;
;;;;;;;;;;;;;;;;;;
;;;;;;;;;;;;;;;;;;
;;;;;;;;;;;;;;;;;;
;;;;;;;;;;;;;;;;;;
;;;;;;;;;;;;;;;;;;
;;;;;;;;;;;;;;;;;;
;;;;;;;;;;;;;;;;;;
;;;;;;;;;;;;;;;;;;
;;;;;;;;;;;;;;;;;;
;;;;;;;;;;;;;;;;;;
;;;;;;;;;;;;;;;;;;
;;;;;;;;;;;;;;;;;;
;;;;;;;;;;;;;;;;;;
;;;;;;;;;;;;;;;;;;
;;;;;;;;;;;;;;;;;;
;;;;;;;;;;;;;;;;;;
;;;;;;;;;;;;;;;;;;
;;;;;;;;;;;;;;;;;;
;;;;;;;;;;;;;;;;;;
;;;;;;;;;;;;;;;;;;
;;;;;;;;;;;;;;;;;;
;;;;;;;;;;;;;;;;;;
;;;;;;;;;;;;;;;;;;
;;;;;;;;;;;;;;;;;;
;;;;;;;;;;;;;;;;;;
;;;;;;;;;;;;;;;;;;
;;;;;;;;;;;;;;;;;;
;;;;;;;;;;;;;;;;;;
;;;;;;;;;;;;;;;;;;
;;;;;;;;;;;;;;;;;;
;;;;;;;;;;;;;;;;;;
;;;;;;;;;;;;;;;;;;
;;;;;;;;;;;;;;;;;;
;;;;;;;;;;;;;;;;;;
;;;;;;;;;;;;;;;;;;
;;;;;;;;;;;;;;;;;;
;;;;;;;;;;;;;;;;;;
;;;;;;;;;;;;;;;;;;
;;;;;;;;;;;;;;;;;;
;;;;;;;;;;;;;;;;;;
;;;;;;;;;;;;;;;;;;
;;;;;;;;;;;;;;;;;;
;;;;;;;;;;;;;;;;;;
;;;;;;;;;;;;;;;;;;
;;;;;;;;;;;;;;;;;;
;;;;;;;;;;;;;;;;;;
;;;;;;;;;;;;;;;;;;
;;;;;;;;;;;;;;;;;;
;;;;;;;;;;;;;;;;;;
;;;;;;;;;;;;;;;;;;
;;;;;;;;;;;;;;;;;;
;;;;;;;;;;;;;;;;;;
;;;;;;;;;;;;;;;;;;
;;;;;;;;;;;;;;;;;;
;;;;;;;;;;;;;;;;;;
;;;;;;;;;;;;;;;;;;
;;;;;;;;;;;;;;;;;;
;;;;;;;;;;;;;;;;;;
;;;;;;;;;;;;;;;;;;
;;;;;;;;;;;;;;;;;;
;;;;;;;;;;;;;;;;;;
;;;;;;;;;;;;;;;;;;
;;;;;;;;;;;;;;;;;;
;;;;;;;;;;;;;;;;;;
;;;;;;;;;;;;;;;;;;
;;;;;;;;;;;;;;;;;;
;;;;;;;;;;;;;;;;;;
;;;;;;;;;;;;;;;;;;
;;;;;;;;;;;;;;;;;;
;;;;;;;;;;;;;;;;;;
;;;;;;;;;;;;;;;;;;
;;;;;;;;;;;;;;;;;;
;;;;;;;;;;;;;;;;;;
;;;;;;;;;;;;;;;;;;
;;;;;;;;;;;;;;;;;;
;;;;;;;;;;;;;;;;;;
;;;;;;;;;;;;;;;;;;
;;;;;;;;;;;;;;;;;;
;;;;;;;;;;;;;;;;;;
;;;;;;;;;;;;;;;;;;
;;;;;;;;;;;;;;;;;;
;;;;;;;;;;;;;;;;;;
;;;;;;;;;;;;;;;;;;
;;;;;;;;;;;;;;;;;;
;;;;;;;;;;;;;;;;;;
;;;;;;;;;;;;;;;;;;
;;;;;;;;;;;;;;;;;;
;;;;;;;;;;;;;;;;;;
;;;;;;;;;;;;;;;;;;
;;;;;;;;;;;;;;;;;;
;;;;;;;;;;;;;;;;;;
;;;;;;;;;;;;;;;;;;
;;;;;;;;;;;;;;;;;;
;;;;;;;;;;;;;;;;;;
;;;;;;;;;;;;;;;;;;
;;;;;;;;;;;;;;;;;;
;;;;;;;;;;;;;;;;;;
;;;;;;;;;;;;;;;;;;
;;;;;;;;;;;;;;;;;;
;;;;;;;;;;;;;;;;;;
;;;;;;;;;;;;;;;;;;
;;;;;;;;;;;;;;;;;;
;;;;;;;;;;;;;;;;;;
;;;;;;;;;;;;;;;;;;
;;;;;;;;;;;;;;;;;;
;;;;;;;;;;;;;;;;;;
;;;;;;;;;;;;;;;;;;
;;;;;;;;;;;;;;;;;;
;;;;;;;;;;;;;;;;;;
;;;;;;;;;;;;;;;;;;
;;;;;;;;;;;;;;;;;;
;;;;;;;;;;;;;;;;;;
;;;;;;;;;;;;;;;;;;
;;;;;;;;;;;;;;;;;;
;;;;;;;;;;;;;;;;;;
;;;;;;;;;;;;;;;;;;
;;;;;;;;;;;;;;;;;;
;;;;;;;;;;;;;;;;;;
;;;;;;;;;;;;;;;;;;
;;;;;;;;;;;;;;;;;;
;;;;;;;;;;;;;;;;;;
;;;;;;;;;;;;;;;;;;
;;;;;;;;;;;;;;;;;;
;;;;;;;;;;;;;;;;;;
;;;;;;;;;;;;;;;;;;
;;;;;;;;;;;;;;;;;;
;;;;;;;;;;;;;;;;;;
;;;;;;;;;;;;;;;;;;
;;;;;;;;;;;;;;;;;;
;;;;;;;;;;;;;;;;;;
;;;;;;;;;;;;;;;;;;
;;;;;;;;;;;;;;;;;;
;;;;;;;;;;;;;;;;;;
;;;;;;;;;;;;;;;;;;
;;;;;;;;;;;;;;;;;;
;;;;;;;;;;;;;;;;;;
;;;;;;;;;;;;;;;;;;
;;;;;;;;;;;;;;;;;;
;;;;;;;;;;;;;;;;;;
;;;;;;;;;;;;;;;;;;
;;;;;;;;;;;;;;;;;;
;;;;;;;;;;;;;;;;;;
;;;;;;;;;;;;;;;;;;
;;;;;;;;;;;;;;;;;;
;;;;;;;;;;;;;;;;;;
;;;;;;;;;;;;;;;;;;
;;;;;;;;;;;;;;;;;;
;;;;;;;;;;;;;;;;;;
;;;;;;;;;;;;;;;;;;
;;;;;;;;;;;;;;;;;;
;;;;;;;;;;;;;;;;;;
;;;;;;;;;;;;;;;;;;
;;;;;;;;;;;;;;;;;;
;;;;;;;;;;;;;;;;;;
;;;;;;;;;;;;;;;;;;
;;;;;;;;;;;;;;;;;;
;;;;;;;;;;;;;;;;;;
;;;;;;;;;;;;;;;;;;
;;;;;;;;;;;;;;;;;;
;;;;;;;;;;;;;;;;;;
;;;;;;;;;;;;;;;;;;
;;;;;;;;;;;;;;;;;;
;;;;;;;;;;;;;;;;;;
;;;;;;;;;;;;;;;;;;
;;;;;;;;;;;;;;;;;;
;;;;;;;;;;;;;;;;;;
;;;;;;;;;;;;;;;;;;
;;;;;;;;;;;;;;;;;;
;;;;;;;;;;;;;;;;;;
;;;;;;;;;;;;;;;;;;
;;;;;;;;;;;;;;;;;;
;;;;;;;;;;;;;;;;;;
;;;;;;;;;;;;;;;;;;
;;;;;;;;;;;;;;;;;;
;;;;;;;;;;;;;;;;;;
;;;;;;;;;;;;;;;;;;
;;;;;;;;;;;;;;;;;;
;;;;;;;;;;;;;;;;;;
;;;;;;;;;;;;;;;;;;
;;;;;;;;;;;;;;;;;;
;;;;;;;;;;;;;;;;;;
;;;;;;;;;;;;;;;;;;
;;;;;;;;;;;;;;;;;;
;;;;;;;;;;;;;;;;;;
;;;;;;;;;;;;;;;;;;
;;;;;;;;;;;;;;;;;;
;;;;;;;;;;;;;;;;;;
;;;;;;;;;;;;;;;;;;
;;;;;;;;;;;;;;;;;;
;;;;;;;;;;;;;;;;;;
;;;;;;;;;;;;;;;;;;
;;;;;;;;;;;;;;;;;;
;;;;;;;;;;;;;;;;;;
;;;;;;;;;;;;;;;;;;
;;;;;;;;;;;;;;;;;;
;;;;;;;;;;;;;;;;;;
;;;;;;;;;;;;;;;;;;
;;;;;;;;;;;;;;;;;;
;;;;;;;;;;;;;;;;;;
;;;;;;;;;;;;;;;;;;
;;;;;;;;;;;;;;;;;;
;;;;;;;;;;;;;;;;;;
;;;;;;;;;;;;;;;;;;
;;;;;;;;;;;;;;;;;;
;;;;;;;;;;;;;;;;;;
;;;;;;;;;;;;;;;;;;
;;;;;;;;;;;;;;;;;;
;;;;;;;;;;;;;;;;;;
;;;;;;;;;;;;;;;;;;
;;;;;;;;;;;;;;;;;;
;;;;;;;;;;;;;;;;;;
;;;;;;;;;;;;;;;;;;
;;;;;;;;;;;;;;;;;;
;;;;;;;;;;;;;;;;;;
;;;;;;;;;;;;;;;;;;
;;;;;;;;;;;;;;;;;;
;;;;;;;;;;;;;;;;;;
;;;;;;;;;;;;;;;;;;
;;;;;;;;;;;;;;;;;;
;;;;;;;;;;;;;;;;;;
;;;;;;;;;;;;;;;;;;
;;;;;;;;;;;;;;;;;;
;;;;;;;;;;;;;;;;;;
;;;;;;;;;;;;;;;;;;
;;;;;;;;;;;;;;;;;;
;;;;;;;;;;;;;;;;;;
;;;;;;;;;;;;;;;;;;
;;;;;;;;;;;;;;;;;;
;;;;;;;;;;;;;;;;;;
;;;;;;;;;;;;;;;;;;
;;;;;;;;;;;;;;;;;;
;;;;;;;;;;;;;;;;;;
;;;;;;;;;;;;;;;;;;
;;;;;;;;;;;;;;;;;;
;;;;;;;;;;;;;;;;;;
;;;;;;;;;;;;;;;;;;
;;;;;;;;;;;;;;;;;;
;;;;;;;;;;;;;;;;;;
;;;;;;;;;;;;;;;;;;
;;;;;;;;;;;;;;;;;;
;;;;;;;;;;;;;;;;;;
;;;;;;;;;;;;;;;;;;
;;;;;;;;;;;;;;;;;;
;;;;;;;;;;;;;;;;;;
;;;;;;;;;;;;;;;;;;
;;;;;;;;;;;;;;;;;;
;;;;;;;;;;;;;;;;;;
;;;;;;;;;;;;;;;;;;
;;;;;;;;;;;;;;;;;;
;;;;;;;;;;;;;;;;;;
;;;;;;;;;;;;;;;;;;
;;;;;;;;;;;;;;;;;;
;;;;;;;;;;;;;;;;;;
;;;;;;;;;;;;;;;;;;
;;;;;;;;;;;;;;;;;;
;;;;;;;;;;;;;;;;;;
;;;;;;;;;;;;;;;;;;
;;;;;;;;;;;;;;;;;;
;;;;;;;;;;;;;;;;;;
;;;;;;;;;;;;;;;;;;
;;;;;;;;;;;;;;;;;;
;;;;;;;;;;;;;;;;;;
;;;;;;;;;;;;;;;;;;
;;;;;;;;;;;;;;;;;;
;;;;;;;;;;;;;;;;;;
;;;;;;;;;;;;;;;;;;
;;;;;;;;;;;;;;;;;;
;;;;;;;;;;;;;;;;;;
;;;;;;;;;;;;;;;;;;
;;;;;;;;;;;;;;;;;;
;;;;;;;;;;;;;;;;;;
;;;;;;;;;;;;;;;;;;
;;;;;;;;;;;;;;;;;;
;;;;;;;;;;;;;;;;;;
;;;;;;;;;;;;;;;;;;
;;;;;;;;;;;;;;;;;;
;;;;;;;;;;;;;;;;;;
;;;;;;;;;;;;;;;;;;
;;;;;;;;;;;;;;;;;;
;;;;;;;;;;;;;;;;;;
;;;;;;;;;;;;;;;;;;
;;;;;;;;;;;;;;;;;;
;;;;;;;;;;;;;;;;;;
;;;;;;;;;;;;;;;;;;
;;;;;;;;;;;;;;;;;;
;;;;;;;;;;;;;;;;;;
;;;;;;;;;;;;;;;;;;
;;;;;;;;;;;;;;;;;;
;;;;;;;;;;;;;;;;;;
;;;;;;;;;;;;;;;;;;
;;;;;;;;;;;;;;;;;;
;;;;;;;;;;;;;;;;;;
;;;;;;;;;;;;;;;;;;
;;;;;;;;;;;;;;;;;;
;;;;;;;;;;;;;;;;;;
;;;;;;;;;;;;;;;;;;
;;;;;;;;;;;;;;;;;;
;;;;;;;;;;;;;;;;;;
;;;;;;;;;;;;;;;;;;
;;;;;;;;;;;;;;;;;;
;;;;;;;;;;;;;;;;;;
;;;;;;;;;;;;;;;;;;
;;;;;;;;;;;;;;;;;;
;;;;;;;;;;;;;;;;;;
;;;;;;;;;;;;;;;;;;
;;;;;;;;;;;;;;;;;;
;;;;;;;;;;;;;;;;;;
;;;;;;;;;;;;;;;;;;
;;;;;;;;;;;;;;;;;;
;;;;;;;;;;;;;;;;;;
;;;;;;;;;;;;;;;;;;
;;;;;;;;;;;;;;;;;;
;;;;;;;;;;;;;;;;;;
;;;;;;;;;;;;;;;;;;
;;;;;;;;;;;;;;;;;;
;;;;;;;;;;;;;;;;;;
;;;;;;;;;;;;;;;;;;
;;;;;;;;;;;;;;;;;;
;;;;;;;;;;;;;;;;;;
;;;;;;;;;;;;;;;;;;
;;;;;;;;;;;;;;;;;;
;;;;;;;;;;;;;;;;;;
;;;;;;;;;;;;;;;;;;
;;;;;;;;;;;;;;;;;;
;;;;;;;;;;;;;;;;;;
;;;;;;;;;;;;;;;;;;
;;;;;;;;;;;;;;;;;;
;;;;;;;;;;;;;;;;;;
;;;;;;;;;;;;;;;;;;
;;;;;;;;;;;;;;;;;;
;;;;;;;;;;;;;;;;;;
;;;;;;;;;;;;;;;;;;
;;;;;;;;;;;;;;;;;;
;;;;;;;;;;;;;;;;;;
;;;;;;;;;;;;;;;;;;
;;;;;;;;;;;;;;;;;;
;;;;;;;;;;;;;;;;;;
;;;;;;;;;;;;;;;;;;
;;;;;;;;;;;;;;;;;;
;;;;;;;;;;;;;;;;;;
;;;;;;;;;;;;;;;;;;
;;;;;;;;;;;;;;;;;;
;;;;;;;;;;;;;;;;;;
;;;;;;;;;;;;;;;;;;
;;;;;;;;;;;;;;;;;;
;;;;;;;;;;;;;;;;;;
;;;;;;;;;;;;;;;;;;
;;;;;;;;;;;;;;;;;;
;;;;;;;;;;;;;;;;;;
;;;;;;;;;;;;;;;;;;
;;;;;;;;;;;;;;;;;;
;;;;;;;;;;;;;;;;;;
;;;;;;;;;;;;;;;;;;
;;;;;;;;;;;;;;;;;;
;;;;;;;;;;;;;;;;;;
;;;;;;;;;;;;;;;;;;
;;;;;;;;;;;;;;;;;;
;;;;;;;;;;;;;;;;;;
;;;;;;;;;;;;;;;;;;
;;;;;;;;;;;;;;;;;;
;;;;;;;;;;;;;;;;;;
;;;;;;;;;;;;;;;;;;
;;;;;;;;;;;;;;;;;;
;;;;;;;;;;;;;;;;;;
;;;;;;;;;;;;;;;;;;
;;;;;;;;;;;;;;;;;;
;;;;;;;;;;;;;;;;;;
;;;;;;;;;;;;;;;;;;
;;;;;;;;;;;;;;;;;;
;;;;;;;;;;;;;;;;;;
;;;;;;;;;;;;;;;;;;
;;;;;;;;;;;;;;;;;;
;;;;;;;;;;;;;;;;;;
;;;;;;;;;;;;;;;;;;
;;;;;;;;;;;;;;;;;;
;;;;;;;;;;;;;;;;;;
;;;;;;;;;;;;;;;;;;
;;;;;;;;;;;;;;;;;;
;;;;;;;;;;;;;;;;;;
;;;;;;;;;;;;;;;;;;
;;;;;;;;;;;;;;;;;;
;;;;;;;;;;;;;;;;;;
;;;;;;;;;;;;;;;;;;
;;;;;;;;;;;;;;;;;;
;;;;;;;;;;;;;;;;;;
;;;;;;;;;;;;;;;;;;
;;;;;;;;;;;;;;;;;;
;;;;;;;;;;;;;;;;;;
;;;;;;;;;;;;;;;;;;
;;;;;;;;;;;;;;;;;;
;;;;;;;;;;;;;;;;;;
;;;;;;;;;;;;;;;;;;
;;;;;;;;;;;;;;;;;;
;;;;;;;;;;;;;;;;;;
;;;;;;;;;;;;;;;;;;
;;;;;;;;;;;;;;;;;;
;;;;;;;;;;;;;;;;;;
;;;;;;;;;;;;;;;;;;
;;;;;;;;;;;;;;;;;;
;;;;;;;;;;;;;;;;;;
;;;;;;;;;;;;;;;;;;
;;;;;;;;;;;;;;;;;;
;;;;;;;;;;;;;;;;;;
;;;;;;;;;;;;;;;;;;
;;;;;;;;;;;;;;;;;;
;;;;;;;;;;;;;;;;;;
;;;;;;;;;;;;;;;;;;
;;;;;;;;;;;;;;;;;;
;;;;;;;;;;;;;;;;;;
;;;;;;;;;;;;;;;;;;
;;;;;;;;;;;;;;;;;;
;;;;;;;;;;;;;;;;;;
;;;;;;;;;;;;;;;;;;
;;;;;;;;;;;;;;;;;;
;;;;;;;;;;;;;;;;;;
;;;;;;;;;;;;;;;;;;
;;;;;;;;;;;;;;;;;;
;;;;;;;;;;;;;;;;;;
;;;;;;;;;;;;;;;;;;
;;;;;;;;;;;;;;;;;;
;;;;;;;;;;;;;;;;;;
;;;;;;;;;;;;;;;;;;
;;;;;;;;;;;;;;;;;;
;;;;;;;;;;;;;;;;;;
;;;;;;;;;;;;;;;;;;
;;;;;;;;;;;;;;;;;;
;;;;;;;;;;;;;;;;;;
;;;;;;;;;;;;;;;;;;
;;;;;;;;;;;;;;;;;;
;;;;;;;;;;;;;;;;;;
;;;;;;;;;;;;;;;;;;
;;;;;;;;;;;;;;;;;;
;;;;;;;;;;;;;;;;;;
;;;;;;;;;;;;;;;;;;
;;;;;;;;;;;;;;;;;;
;;;;;;;;;;;;;;;;;;
;;;;;;;;;;;;;;;;;;
;;;;;;;;;;;;;;;;;;
;;;;;;;;;;;;;;;;;;
;;;;;;;;;;;;;;;;;;
;;;;;;;;;;;;;;;;;;
;;;;;;;;;;;;;;;;;;
;;;;;;;;;;;;;;;;;;
;;;;;;;;;;;;;;;;;;
;;;;;;;;;;;;;;;;;;
;;;;;;;;;;;;;;;;;;
;;;;;;;;;;;;;;;;;;
;;;;;;;;;;;;;;;;;;
;;;;;;;;;;;;;;;;;;
;;;;;;;;;;;;;;;;;;
;;;;;;;;;;;;;;;;;;
;;;;;;;;;;;;;;;;;;
;;;;;;;;;;;;;;;;;;
;;;;;;;;;;;;;;;;;;
;;;;;;;;;;;;;;;;;;
;;;;;;;;;;;;;;;;;;
;;;;;;;;;;;;;;;;;;
;;;;;;;;;;;;;;;;;;
;;;;;;;;;;;;;;;;;;
;;;;;;;;;;;;;;;;;;
;;;;;;;;;;;;;;;;;;
;;;;;;;;;;;;;;;;;;
;;;;;;;;;;;;;;;;;;
;;;;;;;;;;;;;;;;;;
;;;;;;;;;;;;;;;;;;
;;;;;;;;;;;;;;;;;;
;;;;;;;;;;;;;;;;;;
;;;;;;;;;;;;;;;;;;
;;;;;;;;;;;;;;;;;;
;;;;;;;;;;;;;;;;;;
;;;;;;;;;;;;;;;;;;
;;;;;;;;;;;;;;;;;;
;;;;;;;;;;;;;;;;;;
;;;;;;;;;;;;;;;;;;
;;;;;;;;;;;;;;;;;;
;;;;;;;;;;;;;;;;;;
;;;;;;;;;;;;;;;;;;
;;;;;;;;;;;;;;;;;;
;;;;;;;;;;;;;;;;;;
;;;;;;;;;;;;;;;;;;
;;;;;;;;;;;;;;;;;;
;;;;;;;;;;;;;;;;;;
;;;;;;;;;;;;;;;;;;
;;;;;;;;;;;;;;;;;;
;;;;;;;;;;;;;;;;;;
;;;;;;;;;;;;;;;;;;
;;;;;;;;;;;;;;;;;;
;;;;;;;;;;;;;;;;;;
;;;;;;;;;;;;;;;;;;
;;;;;;;;;;;;;;;;;;
;;;;;;;;;;;;;;;;;;
;;;;;;;;;;;;;;;;;;
;;;;;;;;;;;;;;;;;;
;;;;;;;;;;;;;;;;;;
;;;;;;;;;;;;;;;;;;
;;;;;;;;;;;;;;;;;;
;;;;;;;;;;;;;;;;;;
;;;;;;;;;;;;;;;;;;
;;;;;;;;;;;;;;;;;;
;;;;;;;;;;;;;;;;;;
;;;;;;;;;;;;;;;;;;
;;;;;;;;;;;;;;;;;;
;;;;;;;;;;;;;;;;;;
;;;;;;;;;;;;;;;;;;
;;;;;;;;;;;;;;;;;;
;;;;;;;;;;;;;;;;;;
;;;;;;;;;;;;;;;;;;
;;;;;;;;;;;;;;;;;;
;;;;;;;;;;;;;;;;;;
;;;;;;;;;;;;;;;;;;
;;;;;;;;;;;;;;;;;;
;;;;;;;;;;;;;;;;;;
;;;;;;;;;;;;;;;;;;
;;;;;;;;;;;;;;;;;;
;;;;;;;;;;;;;;;;;;
;;;;;;;;;;;;;;;;;;
;;;;;;;;;;;;;;;;;;
;;;;;;;;;;;;;;;;;;
;;;;;;;;;;;;;;;;;;
;;;;;;;;;;;;;;;;;;
;;;;;;;;;;;;;;;;;;
;;;;;;;;;;;;;;;;;;
;;;;;;;;;;;;;;;;;;
;;;;;;;;;;;;;;;;;;
;;;;;;;;;;;;;;;;;;
;;;;;;;;;;;;;;;;;;
;;;;;;;;;;;;;;;;;;
;;;;;;;;;;;;;;;;;;
;;;;;;;;;;;;;;;;;;
;;;;;;;;;;;;;;;;;;
;;;;;;;;;;;;;;;;;;
;;;;;;;;;;;;;;;;;;
;;;;;;;;;;;;;;;;;;
;;;;;;;;;;;;;;;;;;
;;;;;;;;;;;;;;;;;;
;;;;;;;;;;;;;;;;;;
;;;;;;;;;;;;;;;;;;
;;;;;;;;;;;;;;;;;;
;;;;;;;;;;;;;;;;;;
;;;;;;;;;;;;;;;;;;
;;;;;;;;;;;;;;;;;;
;;;;;;;;;;;;;;;;;;
;;;;;;;;;;;;;;;;;;
;;;;;;;;;;;;;;;;;;
;;;;;;;;;;;;;;;;;;
;;;;;;;;;;;;;;;;;;
;;;;;;;;;;;;;;;;;;
;;;;;;;;;;;;;;;;;;
;;;;;;;;;;;;;;;;;;
;;;;;;;;;;;;;;;;;;
;;;;;;;;;;;;;;;;;;
;;;;;;;;;;;;;;;;;;
;;;;;;;;;;;;;;;;;;
;;;;;;;;;;;;;;;;;;
;;;;;;;;;;;;;;;;;;
;;;;;;;;;;;;;;;;;;
;;;;;;;;;;;;;;;;;;
;;;;;;;;;;;;;;;;;;
;;;;;;;;;;;;;;;;;;
;;;;;;;;;;;;;;;;;;
;;;;;;;;;;;;;;;;;;
;;;;;;;;;;;;;;;;;;
;;;;;;;;;;;;;;;;;;
;;;;;;;;;;;;;;;;;;
;;;;;;;;;;;;;;;;;;
;;;;;;;;;;;;;;;;;;
;;;;;;;;;;;;;;;;;;
;;;;;;;;;;;;;;;;;;
;;;;;;;;;;;;;;;;;;
;;;;;;;;;;;;;;;;;;
;;;;;;;;;;;;;;;;;;
;;;;;;;;;;;;;;;;;;
;;;;;;;;;;;;;;;;;;
;;;;;;;;;;;;;;;;;;
;;;;;;;;;;;;;;;;;;
;;;;;;;;;;;;;;;;;;
;;;;;;;;;;;;;;;;;;
;;;;;;;;;;;;;;;;;;
;;;;;;;;;;;;;;;;;;
;;;;;;;;;;;;;;;;;;
;;;;;;;;;;;;;;;;;;
;;;;;;;;;;;;;;;;;;
;;;;;;;;;;;;;;;;;;
;;;;;;;;;;;;;;;;;;
;;;;;;;;;;;;;;;;;;
;;;;;;;;;;;;;;;;;;
;;;;;;;;;;;;;;;;;;
;;;;;;;;;;;;;;;;;;
;;;;;;;;;;;;;;;;;;
;;;;;;;;;;;;;;;;;;
;;;;;;;;;;;;;;;;;;
;;;;;;;;;;;;;;;;;;
;;;;;;;;;;;;;;;;;;
;;;;;;;;;;;;;;;;;;
;;;;;;;;;;;;;;;;;;
;;;;;;;;;;;;;;;;;;
;;;;;;;;;;;;;;;;;;
;;;;;;;;;;;;;;;;;;
;;;;;;;;;;;;;;;;;;
;;;;;;;;;;;;;;;;;;
;;;;;;;;;;;;;;;;;;
;;;;;;;;;;;;;;;;;;
;;;;;;;;;;;;;;;;;;
;;;;;;;;;;;;;;;;;;
;;;;;;;;;;;;;;;;;;
;;;;;;;;;;;;;;;;;;
;;;;;;;;;;;;;;;;;;
;;;;;;;;;;;;;;;;;;
;;;;;;;;;;;;;;;;;;
;;;;;;;;;;;;;;;;;;
;;;;;;;;;;;;;;;;;;
;;;;;;;;;;;;;;;;;;
;;;;;;;;;;;;;;;;;;
;;;;;;;;;;;;;;;;;;
;;;;;;;;;;;;;;;;;;
;;;;;;;;;;;;;;;;;;
;;;;;;;;;;;;;;;;;;
;;;;;;;;;;;;;;;;;;
;;;;;;;;;;;;;;;;;;
;;;;;;;;;;;;;;;;;;
;;;;;;;;;;;;;;;;;;
;;;;;;;;;;;;;;;;;;
;;;;;;;;;;;;;;;;;;
;;;;;;;;;;;;;;;;;;
;;;;;;;;;;;;;;;;;;
;;;;;;;;;;;;;;;;;;
;;;;;;;;;;;;;;;;;;
;;;;;;;;;;;;;;;;;;
;;;;;;;;;;;;;;;;;;
;;;;;;;;;;;;;;;;;;
;;;;;;;;;;;;;;;;;;
;;;;;;;;;;;;;;;;;;
;;;;;;;;;;;;;;;;;;
;;;;;;;;;;;;;;;;;;
;;;;;;;;;;;;;;;;;;
;;;;;;;;;;;;;;;;;;
;;;;;;;;;;;;;;;;;;
;;;;;;;;;;;;;;;;;;
;;;;;;;;;;;;;;;;;;
;;;;;;;;;;;;;;;;;;
;;;;;;;;;;;;;;;;;;
;;;;;;;;;;;;;;;;;;
;;;;;;;;;;;;;;;;;;
;;;;;;;;;;;;;;;;;;
;;;;;;;;;;;;;;;;;;
;;;;;;;;;;;;;;;;;;
;;;;;;;;;;;;;;;;;;
;;;;;;;;;;;;;;;;;;
;;;;;;;;;;;;;;;;;;
;;;;;;;;;;;;;;;;;;
;;;;;;;;;;;;;;;;;;
;;;;;;;;;;;;;;;;;;
;;;;;;;;;;;;;;;;;;
;;;;;;;;;;;;;;;;;;
;;;;;;;;;;;;;;;;;;
;;;;;;;;;;;;;;;;;;
;;;;;;;;;;;;;;;;;;
;;;;;;;;;;;;;;;;;;
;;;;;;;;;;;;;;;;;;
;;;;;;;;;;;;;;;;;;
;;;;;;;;;;;;;;;;;;
;;;;;;;;;;;;;;;;;;
;;;;;;;;;;;;;;;;;;
;;;;;;;;;;;;;;;;;;
;;;;;;;;;;;;;;;;;;
;;;;;;;;;;;;;;;;;;
;;;;;;;;;;;;;;;;;;
;;;;;;;;;;;;;;;;;;
;;;;;;;;;;;;;;;;;;
;;;;;;;;;;;;;;;;;;
;;;;;;;;;;;;;;;;;;
;;;;;;;;;;;;;;;;;;
;;;;;;;;;;;;;;;;;;
;;;;;;;;;;;;;;;;;;
;;;;;;;;;;;;;;;;;;
;;;;;;;;;;;;;;;;;;
;;;;;;;;;;;;;;;;;;
;;;;;;;;;;;;;;;;;;
;;;;;;;;;;;;;;;;;;
;;;;;;;;;;;;;;;;;;
;;;;;;;;;;;;;;;;;;
;;;;;;;;;;;;;;;;;;
;;;;;;;;;;;;;;;;;;
;;;;;;;;;;;;;;;;;;
;;;;;;;;;;;;;;;;;;
;;;;;;;;;;;;;;;;;;
;;;;;;;;;;;;;;;;;;
;;;;;;;;;;;;;;;;;;
;;;;;;;;;;;;;;;;;;
;;;;;;;;;;;;;;;;;;
;;;;;;;;;;;;;;;;;;
;;;;;;;;;;;;;;;;;;
;;;;;;;;;;;;;;;;;;
;;;;;;;;;;;;;;;;;;
;;;;;;;;;;;;;;;;;;
;;;;;;;;;;;;;;;;;;
;;;;;;;;;;;;;;;;;;
;;;;;;;;;;;;;;;;;;
;;;;;;;;;;;;;;;;;;
;;;;;;;;;;;;;;;;;;
;;;;;;;;;;;;;;;;;;
;;;;;;;;;;;;;;;;;;
;;;;;;;;;;;;;;;;;;
;;;;;;;;;;;;;;;;;;
;;;;;;;;;;;;;;;;;;
;;;;;;;;;;;;;;;;;;
;;;;;;;;;;;;;;;;;;
;;;;;;;;;;;;;;;;;;
;;;;;;;;;;;;;;;;;;
;;;;;;;;;;;;;;;;;;
;;;;;;;;;;;;;;;;;;
;;;;;;;;;;;;;;;;;;
;;;;;;;;;;;;;;;;;;
;;;;;;;;;;;;;;;;;;
;;;;;;;;;;;;;;;;;;
;;;;;;;;;;;;;;;;;;
;;;;;;;;;;;;;;;;;;
;;;;;;;;;;;;;;;;;;
;;;;;;;;;;;;;;;;;;
;;;;;;;;;;;;;;;;;;
;;;;;;;;;;;;;;;;;;
;;;;;;;;;;;;;;;;;;
;;;;;;;;;;;;;;;;;;
;;;;;;;;;;;;;;;;;;
;;;;;;;;;;;;;;;;;;
;;;;;;;;;;;;;;;;;;
