Code;Team1;Team2;Id_season;Result1;;Result2;;;;;;;;;;;;;
22631;1026;1017;13579;99;;111;;;;;;;;;;;;;
22632;1017;1026;13579;104;;96;;;;;;;;;;;;;
22633;1023;1021;13579;108;;125;;;;;;;;;;;;;
22634;1006;1010;13579;102;;105;;;;;;;;;;;;;
22635;1024;1008;13579;130;;126;;;;;;;;;;;;;
22636;1004;1001;13579;106;;114;;;;;;;;;;;;;
22637;1025;1005;13579;99;;112;;;;;;;;;;;;;
22638;1009;1028;13579;122;;127;;;;;;;;;;;;;
22639;1020;1022;13579;101;;96;;;;;;;;;;;;;
22640;1001;1003;13579;107;;144;;;;;;;;;;;;;
22641;1030;1018;13579;121;;122;;;;;;;;;;;;;
22642;1002;1023;13579;126;;129;;;;;;;;;;;;;
22643;1012;1013;13579;109;;113;;;;;;;;;;;;;
22644;1007;1011;13579;107;;108;;;;;;;;;;;;;
22645;1014;1029;13579;122;;105;;;;;;;;;;;;;
22646;1010;1028;13579;102;;108;;;;;;;;;;;;;
22647;1009;1027;13579;103;;122;;;;;;;;;;;;;
22648;1016;1024;13579;115;;107;;;;;;;;;;;;;
22649;1020;1022;13579;98;;103;;;;;;;;;;;;;
22650;1001;1004;13579;112;;101;;;;;;;;;;;;;
22651;1025;1023;13579;101;;109;;;;;;;;;;;;;
22652;1008;1018;13579;128;;125;;;;;;;;;;;;;
22653;1014;1007;13579;108;;105;;;;;;;;;;;;;
22654;1012;1015;13579;92;;98;;;;;;;;;;;;;
22655;1028;1011;13579;102;;103;;;;;;;;;;;;;
22656;1027;1029;13579;120;;87;;;;;;;;;;;;;
22657;1016;1006;13579;124;;133;;;;;;;;;;;;;
22658;1024;1019;13579;122;;111;;;;;;;;;;;;;
22659;1013;1030;13579;104;;120;;;;;;;;;;;;;
22660;1021;1023;13579;129;;125;;;;;;;;;;;;;
22661;1029;1011;13579;105;;110;;;;;;;;;;;;;
22662;1017;1003;13579;121;;112;;;;;;;;;;;;;
22663;1019;1020;13579;133;;138;;;;;;;;;;;;;
22664;1018;1012;13579;115;;117;;;;;;;;;;;;;
22665;1028;1013;13579;124;;132;;;;;;;;;;;;;
22666;1010;1023;13579;108;;97;;;;;;;;;;;;;
22667;1006;1016;13579;102;;116;;;;;;;;;;;;;
22668;1021;1025;13579;121;;115;;;;;;;;;;;;;
22669;1011;1009;13579;112;;116;;;;;;;;;;;;;
22670;1004;1002;13579;127;;119;;;;;;;;;;;;;
22671;1027;1030;13579;99;;89;;;;;;;;;;;;;
22672;1019;1024;13579;106;;117;;;;;;;;;;;;;
22673;1029;1014;13579;104;;92;;;;;;;;;;;;;
22674;1003;1001;13579;110;;123;;;;;;;;;;;;;
22675;1010;1018;13579;101;;124;;;;;;;;;;;;;
22676;1005;1006;13579;106;;102;;;;;;;;;;;;;
22677;1016;1022;13579;103;;116;;;;;;;;;;;;;
22678;1015;1003;13579;131;;106;;;;;;;;;;;;;
22679;1002;1013;13579;107;;104;;;;;;;;;;;;;
22680;1027;1030;13579;103;;117;;;;;;;;;;;;;
22681;1025;1021;13579;115;;116;;;;;;;;;;;;;
22682;1001;1012;13579;127;;99;;;;;;;;;;;;;
22683;1008;1018;13579;118;;116;;;;;;;;;;;;;
22684;1017;1006;24680;114;;105;;;;;;;;;;;;;
22685;1020;1025;24680;113;;116;;;;;;;;;;;;;
22686;1016;1022;24680;103;;90;;;;;;;;;;;;;
22687;1024;1023;24680;123;;100;;;;;;;;;;;;;
22688;1011;1004;24680;106;;120;;;;;;;;;;;;;
22689;1007;1009;24680;104;;109;;;;;;;;;;;;;
22690;1015;1005;24680;98;;134;;;;;;;;;;;;;
22691;1028;1010;24680;116;;124;;;;;;;;;;;;;
22692;1013;1027;24680;104;;110;;;;;;;;;;;;;
22693;1008;1026;24680;104;;114;;;;;;;;;;;;;
22694;1030;1021;24680;122;;117;;;;;;;;;;;;;
22695;1023;1016;24680;107;;119;;;;;;;;;;;;;
22696;1024;1021;24680;108;;104;;;;;;;;;;;;;
22697;1027;1014;24680;86;;116;;;;;;;;;;;;;
22698;1001;1003;24680;108;;104;;;;;;;;;;;;;
22699;1015;1009;24680;120;;143;;;;;;;;;;;;;
22700;1011;1012;24680;110;;116;;;;;;;;;;;;;
22701;1017;1005;24680;94;;97;;;;;;;;;;;;;
22702;1008;1013;24680;102;;103;;;;;;;;;;;;;
22703;1007;1002;24680;114;;113;;;;;;;;;;;;;
22704;1029;1028;24680;111;;104;;;;;;;;;;;;;
22705;1018;1006;24680;124;;104;;;;;;;;;;;;;
22706;1025;1020;24680;130;;114;;;;;;;;;;;;;
22707;1026;1030;24680;126;;119;;;;;;;;;;;;;
22708;1019;1022;24680;111;;123;;;;;;;;;;;;;
22709;1004;1010;24680;117;;118;;;;;;;;;;;;;
22710;1024;1023;24680;95;;100;;;;;;;;;;;;;
22711;1016;1028;24680;108;;104;;;;;;;;;;;;;
22712;1008;1012;24680;111;;99;;;;;;;;;;;;;
22713;1018;1007;24680;108;;105;;;;;;;;;;;;;
22714;1013;1001;24680;111;;119;;;;;;;;;;;;;
22715;1003;1011;24680;126;;120;;;;;;;;;;;;;
22716;1027;1030;24680;122;;126;;;;;;;;;;;;;
22717;1005;1006;24680;103;;104;;;;;;;;;;;;;
22718;1002;1026;24680;120;;125;;;;;;;;;;;;;
22719;1022;1020;24680;118;;120;;;;;;;;;;;;;
22720;1021;1025;24680;122;;114;;;;;;;;;;;;;
22721;1014;1019;24680;102;;97;;;;;;;;;;;;;
22722;1003;1029;24680;87;;96;;;;;;;;;;;;;
22723;1028;1015;24680;106;;113;;;;;;;;;;;;;
22724;1006;1008;24680;102;;118;;;;;;;;;;;;;
22725;1004;1005;24680;114;;107;;;;;;;;;;;;;
22726;1009;1007;24680;125;;113;;;;;;;;;;;;;
22727;1013;1017;24680;90;;106;;;;;;;;;;;;;
22728;1020;1024;24680;104;;126;;;;;;;;;;;;;
22729;1016;1018;24680;128;;95;;;;;;;;;;;;;
22730;1011;1010;24680;127;;110;;;;;;;;;;;;;
22731;1021;1027;24680;106;;95;;;;;;;;;;;;;
22732;1019;1004;24680;98;;126;;;;;;;;;;;;;
22733;1023;1025;24680;127;;132;;;;;;;;;;;;;
22734;1030;1022;24680;83;;123;;;;;;;;;;;;;
22735;1001;1015;24680;126;;107;;;;;;;;;;;;;
22736;1006;1009;24680;112;;105;;;;;;;;;;;;;
22737;1002;1012;24680;133;;121;;;;;;;;;;;;;
22738;1019;1005;24680;99;;91;;;;;;;;;;;;;
22739;1017;1011;24680;113;;127;;;;;;;;;;;;;
22740;1008;1018;24680;112;;124;;;;;;;;;;;;;
22741;1021;1029;24680;130;;102;;;;;;;;;;;;;
22742;1013;1010;24680;114;;122;;;;;;;;;;;;;
22743;1026;1028;24680;125;;110;;;;;;;;;;;;;
22744;1020;1016;24680;102;;110;;;;;;;;;;;;;
22745;1014;1023;24680;103;;106;;;;;;;;;;;;;
22746;1003;1007;24680;109;;91;;;;;;;;;;;;;
22747;1030;1024;24680;115;;114;;;;;;;;;;;;;
22748;1014;1022;24680;102;;118;;;;;;;;;;;;;
22749;1010;1005;24680;111;;130;;;;;;;;;;;;;
22750;1019;1008;24680;110;;101;;;;;;;;;;;;;
22751;1029;1018;24680;110;;106;;;;;;;;;;;;;
22752;1007;1003;24680;95;;89;;;;;;;;;;;;;
22753;1002;1013;24680;109;;105;;;;;;;;;;;;;
22754;1009;1001;24680;104;;155;;;;;;;;;;;;;
22755;1015;1011;24680;121;;130;;;;;;;;;;;;;
22756;1016;1017;24680;89;;110;;;;;;;;;;;;;
22757;1012;1027;24680;119;;128;;;;;;;;;;;;;
22758;1006;1026;24680;105;;114;;;;;;;;;;;;;
22759;1028;1020;24680;109;;133;;;;;;;;;;;;;
22760;1022;1023;24680;125;;130;;;;;;;;;;;;;
22761;1025;1021;24680;101;;102;;;;;;;;;;;;;
22762;1005;1004;24680;99;;114;;;;;;;;;;;;;
22763;1008;1029;24680;116;;125;;;;;;;;;;;;;
22764;1014;1020;24680;115;;113;;;;;;;;;;;;;
22765;1030;1024;24680;132;;121;;;;;;;;;;;;;
22766;1007;1009;24680;116;;121;;;;;;;;;;;;;
22767;1003;1010;24680;105;;110;;;;;;;;;;;;;
22768;1021;1018;24680;141;;139;;;;;;;;;;;;;
22769;1002;1006;24680;109;;107;;;;;;;;;;;;;
22770;1015;1013;24680;114;;121;;;;;;;;;;;;;
22771;1028;1019;24680;113;;115;;;;;;;;;;;;;
22772;1026;1016;24680;114;;125;;;;;;;;;;;;;
22773;1024;1004;24680;100;;112;;;;;;;;;;;;;
22774;1011;1029;24680;123;;105;;;;;;;;;;;;;
22775;1023;1014;24680;101;;120;;;;;;;;;;;;;
22776;1012;1009;24680;125;;124;;;;;;;;;;;;;
22777;1020;1017;24680;95;;123;;;;;;;;;;;;;
22778;1025;1027;24680;89;;107;;;;;;;;;;;;;
22779;1001;1002;24680;124;;114;;;;;;;;;;;;;
22780;1006;1016;24680;101;;123;;;;;;;;;;;;;
22781;1024;1008;24680;120;;106;;;;;;;;;;;;;
22782;1005;1030;24680;123;;116;;;;;;;;;;;;;
22783;1021;1007;24680;104;;115;;;;;;;;;;;;;
22784;1012;1026;24680;118;;124;;;;;;;;;;;;;
22785;1028;1019;24680;112;;100;;;;;;;;;;;;;
22786;1015;1004;24680;128;;146;;;;;;;;;;;;;
22787;1026;1014;24680;117;;102;;;;;;;;;;;;;
22788;1030;1009;24680;111;;152;;;;;;;;;;;;;
22789;1021;1008;24680;120;;109;;;;;;;;;;;;;
22790;1022;1003;24680;97;;111;;;;;;;;;;;;;
22791;1023;1013;24680;107;;108;;;;;;;;;;;;;
22792;1010;1002;24680;129;;125;;;;;;;;;;;;;
22793;1011;1018;24680;117;;126;;;;;;;;;;;;;
22794;1001;1017;24680;109;;114;;;;;;;;;;;;;
22795;1025;1027;24680;97;;122;;;;;;;;;;;;;
22796;1020;1006;24680;113;;130;;;;;;;;;;;;;
22797;1029;1016;24680;116;;134;;;;;;;;;;;;;
22798;1001;1004;24680;103;;106;;;;;;;;;;;;;
22799;1020;1009;24680;118;;134;;;;;;;;;;;;;
22800;1015;1012;24680;132;;116;;;;;;;;;;;;;
22801;1030;1003;24680;105;;126;;;;;;;;;;;;;
22802;1022;1002;24680;93;;100;;;;;;;;;;;;;
22803;1007;1018;24680;120;;128;;;;;;;;;;;;;
22804;1029;1017;24680;101;;122;;;;;;;;;;;;;
22805;1008;1010;24680;118;;120;;;;;;;;;;;;;
22806;1013;1028;24680;108;;102;;;;;;;;;;;;;
22807;1023;1027;24680;94;;128;;;;;;;;;;;;;
22808;1024;1006;24680;116;;115;;;;;;;;;;;;;
22809;1005;1026;24680;127;;116;;;;;;;;;;;;;
22810;1019;1025;24680;118;;121;;;;;;;;;;;;;
22811;1021;1016;24680;105;;108;;;;;;;;;;;;;
22812;1010;1009;24680;124;;126;;;;;;;;;;;;;
22813;1011;1014;24680;120;;119;;;;;;;;;;;;;
22814;1012;1015;24680;124;;117;;;;;;;;;;;;;
22815;1004;1008;24680;114;;106;;;;;;;;;;;;;
22816;1002;1001;24680;107;;121;;;;;;;;;;;;;
22817;1017;1030;24680;117;;110;;;;;;;;;;;;;
22818;1020;1028;24680;127;;121;;;;;;;;;;;;;
22819;1029;1027;24680;101;;104;;;;;;;;;;;;;
22820;1022;1026;24680;126;;144;;;;;;;;;;;;;
22821;1018;1025;24680;98;;105;;;;;;;;;;;;;
22822;1023;1024;24680;122;;119;;;;;;;;;;;;;
22823;1010;1014;24680;97;;112;;;;;;;;;;;;;
22824;1005;1001;24680;94;;117;;;;;;;;;;;;;
22825;1013;1011;24680;117;;109;;;;;;;;;;;;;
22826;1007;1021;24680;118;;110;;;;;;;;;;;;;
22827;1012;1003;24680;107;;129;;;;;;;;;;;;;
22828;1015;1002;24680;94;;102;;;;;;;;;;;;;
22829;1028;1022;24680;105;;101;;;;;;;;;;;;;
22830;1009;1004;24680;126;;137;;;;;;;;;;;;;
22831;1013;1030;24680;118;;113;;;;;;;;;;;;;
22832;1026;1029;24680;136;;124;;;;;;;;;;;;;
22833;1016;1027;24680;104;;107;;;;;;;;;;;;;
22834;1008;1006;24680;108;;119;;;;;;;;;;;;;
22835;1018;1024;24680;111;;99;;;;;;;;;;;;;
22836;1017;1021;24680;116;;110;;;;;;;;;;;;;
22837;1019;1023;24680;110;;116;;;;;;;;;;;;;
22838;1015;1005;24680;107;;111;;;;;;;;;;;;;
22839;1003;1001;24680;98;;114;;;;;;;;;;;;;
22840;1006;1010;24680;109;;118;;;;;;;;;;;;;
22841;1007;1025;24680;120;;132;;;;;;;;;;;;;
22842;1013;1012;24680;132;;126;;;;;;;;;;;;;
22843;1030;1018;24680;126;;120;;;;;;;;;;;;;
22844;1014;1002;24680;111;;105;;;;;;;;;;;;;
22845;1026;1029;24680;87;;123;;;;;;;;;;;;;
22846;1019;1020;24680;104;;124;;;;;;;;;;;;;
22847;1017;1021;24680;110;;131;;;;;;;;;;;;;
22848;1022;1016;24680;99;;115;;;;;;;;;;;;;
22849;1017;1021;24680;104;;101;;;;;;;;;;;;;
22850;1022;1016;24680;108;;111;;;;;;;;;;;;;
22851;1028;1023;24680;107;;134;;;;;;;;;;;;;
22852;1026;1011;24680;130;;117;;;;;;;;;;;;;
22853;1010;1005;24680;128;;112;;;;;;;;;;;;;
22854;1001;1004;24680;117;;107;;;;;;;;;;;;;
22855;1003;1011;24680;116;;114;;;;;;;;;;;;;
22856;1014;1006;24680;96;;94;;;;;;;;;;;;;
22857;1017;1024;24680;115;;133;;;;;;;;;;;;;
22858;1007;1019;24680;109;;95;;;;;;;;;;;;;
22859;1025;1023;24680;125;;110;;;;;;;;;;;;;
22860;1002;1013;24680;115;;122;;;;;;;;;;;;;
22861;1018;1021;24680;128;;109;;;;;;;;;;;;;
22862;1003;1015;24680;120;;99;;;;;;;;;;;;;
22863;1010;1012;24680;130;;99;;;;;;;;;;;;;
22864;1025;1030;24680;129;;120;;;;;;;;;;;;;
22865;1001;1005;24680;108;;105;;;;;;;;;;;;;
22866;1008;1007;24680;100;;108;;;;;;;;;;;;;
22867;1004;1011;24680;126;;116;;;;;;;;;;;;;
22868;1016;1029;24680;110;;115;;;;;;;;;;;;;
22869;1014;1006;24680;103;;97;;;;;;;;;;;;;
22870;1023;1019;24680;107;;95;;;;;;;;;;;;;
22871;1024;1020;24680;131;;128;;;;;;;;;;;;;
22872;1027;1022;24680;100;;106;;;;;;;;;;;;;
22873;1003;1012;24680;122;;108;;;;;;;;;;;;;
22874;1017;1029;24680;121;;120;;;;;;;;;;;;;
22875;1028;1030;24680;120;;108;;;;;;;;;;;;;
22876;1026;1010;24680;125;;132;;;;;;;;;;;;;
22877;1013;1006;24680;97;;102;;;;;;;;;;;;;
22878;1018;1021;24680;130;;123;;;;;;;;;;;;;
22879;1004;1002;24680;121;;99;;;;;;;;;;;;;
22880;1008;1005;24680;113;;142;;;;;;;;;;;;;
22881;1014;1009;24680;128;;116;;;;;;;;;;;;;
22882;1016;1007;24680;109;;121;;;;;;;;;;;;;
22883;1025;1026;24680;129;;113;;;;;;;;;;;;;
22884;1024;1020;24680;140;;137;;;;;;;;;;;;;
22885;1001;1028;24680;102;;100;;;;;;;;;;;;;
22886;1018;1019;24680;134;;91;;;;;;;;;;;;;
22887;1027;1023;24680;104;;105;;;;;;;;;;;;;
22888;1010;1008;24680;142;;129;;;;;;;;;;;;;
22889;1016;1008;24680;107;;103;;;;;;;;;;;;;
22890;1001;1012;24680;118;;121;;;;;;;;;;;;;
22891;1022;1030;24680;124;;99;;;;;;;;;;;;;
22892;1025;1029;24680;93;;129;;;;;;;;;;;;;
22893;1003;1017;24680;100;;117;;;;;;;;;;;;;
22894;1013;1006;24680;118;;100;;;;;;;;;;;;;
22895;1027;1021;24680;116;;121;;;;;;;;;;;;;
22896;1005;1014;24680;107;;126;;;;;;;;;;;;;
22897;1007;1004;24680;122;;119;;;;;;;;;;;;;
22898;1009;1011;24680;157;;152;;;;;;;;;;;;;
22899;1019;1024;24680;107;;120;;;;;;;;;;;;;
22900;1020;1023;24680;99;;131;;;;;;;;;;;;;
22901;1016;1014;24680;119;;124;;;;;;;;;;;;;
22902;1015;1012;24680;114;;117;;;;;;;;;;;;;
22903;1005;1009;24680;132;;131;;;;;;;;;;;;;
22904;1013;1007;24680;129;;96;;;;;;;;;;;;;
22905;1010;1001;24680;116;;119;;;;;;;;;;;;;
22906;1002;1011;24680;145;;147;;;;;;;;;;;;;
22907;1022;1030;24680;109;;102;;;;;;;;;;;;;
22908;1006;1018;24680;102;;116;;;;;;;;;;;;;
22909;1025;1029;24680;112;;117;;;;;;;;;;;;;
22910;1004;1017;24680;99;;112;;;;;;;;;;;;;
22911;1028;1027;24680;91;;111;;;;;;;;;;;;;
22912;1020;1019;24680;105;;121;;;;;;;;;;;;;
22913;1021;1024;24680;115;;123;;;;;;;;;;;;;
22914;1026;1023;24680;104;;101;;;;;;;;;;;;;
22915;1001;1014;24680;96;;113;;;;;;;;;;;;;
22916;1024;1028;24680;110;;89;;;;;;;;;;;;;
22917;1006;1005;24680;108;;121;;;;;;;;;;;;;
22918;1013;1003;24680;98;;100;;;;;;;;;;;;;
22919;1025;1017;24680;124;;111;;;;;;;;;;;;;
22920;1015;1010;24680;128;;131;;;;;;;;;;;;;
22921;1016;1027;24680;86;;105;;;;;;;;;;;;;
22922;1008;1009;24680;113;;136;;;;;;;;;;;;;
22923;1030;1021;24680;112;;118;;;;;;;;;;;;;
22924;1029;1022;24680;116;;106;;;;;;;;;;;;;
22925;1004;1018;24680;127;;123;;;;;;;;;;;;;
22926;1013;1002;24680;97;;112;;;;;;;;;;;;;
22927;1011;1015;24680;136;;108;;;;;;;;;;;;;
22928;1023;1007;24680;121;;115;;;;;;;;;;;;;
22929;1029;1020;24680;100;;105;;;;;;;;;;;;;
22930;1026;1022;24680;88;;107;;;;;;;;;;;;;
22931;1019;1010;24680;102;;108;;;;;;;;;;;;;
22932;1017;1028;24680;119;;97;;;;;;;;;;;;;
22933;1012;1014;24680;117;;130;;;;;;;;;;;;;
22934;1024;1003;24680;116;;113;;;;;;;;;;;;;
22935;1011;1001;24680;103;;113;;;;;;;;;;;;;
22936;1005;1007;24680;102;;105;;;;;;;;;;;;;
22937;1006;1002;24680;109;;118;;;;;;;;;;;;;
22938;1030;1016;24680;120;;132;;;;;;;;;;;;;
22939;1023;1004;24680;94;;138;;;;;;;;;;;;;
22940;1019;1009;24680;114;;110;;;;;;;;;;;;;
22941;1015;1008;24680;126;;107;;;;;;;;;;;;;
22942;1029;1020;24680;112;;114;;;;;;;;;;;;;
22943;1016;1022;24680;113;;104;;;;;;;;;;;;;
22944;1012;1003;24680;91;;115;;;;;;;;;;;;;
22945;1010;1013;24680;131;;124;;;;;;;;;;;;;
22946;1011;1007;24680;105;;128;;;;;;;;;;;;;
22947;1005;1002;24680;103;;115;;;;;;;;;;;;;
22948;1006;1001;24680;97;;124;;;;;;;;;;;;;
22949;1018;1017;24680;103;;106;;;;;;;;;;;;;
22950;1027;1026;24680;115;;121;;;;;;;;;;;;;
22951;1021;1025;24680;123;;124;;;;;;;;;;;;;
22952;1015;1014;24680;120;;139;;;;;;;;;;;;;
22953;1023;1008;24680;133;;107;;;;;;;;;;;;;
22954;1024;1005;24680;105;;112;;;;;;;;;;;;;
22955;1004;1029;24680;114;;124;;;;;;;;;;;;;
22956;1020;1028;24680;91;;105;;;;;;;;;;;;;
22957;1027;1016;24680;124;;134;;;;;;;;;;;;;
22958;1022;1025;24680;131;;117;;;;;;;;;;;;;
22959;1019;1007;24680;103;;95;;;;;;;;;;;;;
22960;1008;1003;24680;112;;118;;;;;;;;;;;;;
22961;1009;1013;24680;132;;142;;;;;;;;;;;;;
22962;1012;1002;24680;129;;128;;;;;;;;;;;;;
22963;1011;1030;24680;137;;135;;;;;;;;;;;;;
22964;1023;1018;24680;110;;133;;;;;;;;;;;;;
22965;1020;1017;24680;90;;101;;;;;;;;;;;;;
22966;1010;1006;24680;113;;120;;;;;;;;;;;;;
22967;1022;1021;24680;114;;120;;;;;;;;;;;;;
22968;1015;1014;24680;125;;130;;;;;;;;;;;;;
22969;1028;1026;24680;108;;94;;;;;;;;;;;;;
22970;1003;1005;24680;119;;106;;;;;;;;;;;;;
22971;1004;1001;24680;119;;125;;;;;;;;;;;;;
22972;1030;1029;24680;106;;121;;;;;;;;;;;;;
22973;1016;1024;24680;119;;111;;;;;;;;;;;;;
22974;1021;1022;24680;112;;113;;;;;;;;;;;;;
22975;1017;1012;24680;123;;117;;;;;;;;;;;;;
22976;1007;1008;24680;110;;101;;;;;;;;;;;;;
22977;1014;1002;24680;101;;129;;;;;;;;;;;;;
22978;1011;1010;24680;121;;132;;;;;;;;;;;;;
22979;1029;1006;24680;118;;124;;;;;;;;;;;;;
22980;1009;1013;24680;144;;129;;;;;;;;;;;;;
22981;1028;1024;24680;109;;116;;;;;;;;;;;;;
22982;1018;1026;24680;126;;120;;;;;;;;;;;;;
22983;1019;1020;24680;113;;118;;;;;;;;;;;;;
22984;1016;1025;24680;117;;123;;;;;;;;;;;;;
22985;1027;1023;24680;97;;107;;;;;;;;;;;;;
22986;1001;1009;24680;112;;122;;;;;;;;;;;;;
22987;1029;1025;24680;127;;117;;;;;;;;;;;;;
22988;1003;1010;24680;122;;146;;;;;;;;;;;;;
22989;1024;1023;24680;103;;106;;;;;;;;;;;;;
22990;1004;1015;24680;131;;126;;;;;;;;;;;;;
22991;1028;1008;24680;116;;102;;;;;;;;;;;;;
22992;1014;1007;24680;111;;121;;;;;;;;;;;;;
22993;1030;1017;24680;94;;102;;;;;;;;;;;;;
22994;1002;1011;24680;114;;113;;;;;;;;;;;;;
22995;1013;1005;24680;112;;103;;;;;;;;;;;;;
22996;1018;1027;24680;101;;110;;;;;;;;;;;;;
22997;1012;1006;24680;100;;111;;;;;;;;;;;;;
22998;1020;1026;24680;97;;147;;;;;;;;;;;;;
22999;1016;1022;24680;102;;111;;;;;;;;;;;;;
23000;1019;1021;24680;106;;110;;;;;;;;;;;;;
23001;1009;1010;24680;128;;119;;;;;;;;;;;;;
23002;1029;1023;24680;89;;133;;;;;;;;;;;;;
23003;1011;1004;24680;114;;125;;;;;;;;;;;;;
23004;1008;1014;24680;91;;123;;;;;;;;;;;;;
23005;1005;1012;24680;116;;119;;;;;;;;;;;;;
23006;1003;1001;24680;123;;133;;;;;;;;;;;;;
23007;1015;1002;24680;97;;124;;;;;;;;;;;;;
23008;1021;1018;24680;136;;138;;;;;;;;;;;;;
23009;1017;1028;24680;127;;103;;;;;;;;;;;;;
23010;1007;1013;24680;111;;99;;;;;;;;;;;;;
23011;1006;1030;24680;121;;112;;;;;;;;;;;;;
23012;1025;1024;24680;114;;106;;;;;;;;;;;;;
23013;1027;1016;24680;114;;106;;;;;;;;;;;;;
23014;1026;1019;24680;125;;112;;;;;;;;;;;;;
23015;1022;1020;24680;117;;103;;;;;;;;;;;;;
23016;1009;1023;24680;109;;123;;;;;;;;;;;;;
23017;1015;1004;24680;101;;146;;;;;;;;;;;;;
23018;1007;1014;24680;94;;104;;;;;;;;;;;;;
23019;1009;1008;24680;131;;123;;;;;;;;;;;;;
23020;1013;1012;24680;116;;114;;;;;;;;;;;;;
23021;1005;1003;24680;130;;136;;;;;;;;;;;;;
23022;1016;1011;24680;129;;122;;;;;;;;;;;;;
23023;1020;1018;24680;120;;134;;;;;;;;;;;;;
23024;1017;1029;24680;107;;121;;;;;;;;;;;;;
23025;1006;1010;24680;129;;133;;;;;;;;;;;;;
23026;1026;1028;24680;120;;113;;;;;;;;;;;;;
23027;1030;1027;24680;82;;93;;;;;;;;;;;;;
23028;1002;1025;24680;118;;131;;;;;;;;;;;;;
23029;1019;1022;24680;127;;132;;;;;;;;;;;;;
23030;1023;1026;24680;125;;127;;;;;;;;;;;;;
23031;1007;1001;24680;113;;120;;;;;;;;;;;;;
23032;1016;1006;24680;114;;106;;;;;;;;;;;;;
23033;1021;1024;24680;116;;119;;;;;;;;;;;;;
23034;1025;1022;24680;99;;119;;;;;;;;;;;;;
23035;1029;1015;24680;142;;122;;;;;;;;;;;;;
23036;1004;1008;24680;129;;111;;;;;;;;;;;;;
23037;1011;1005;24680;128;;135;;;;;;;;;;;;;
23038;1012;1013;24680;104;;115;;;;;;;;;;;;;
23039;1023;1030;24680;122;;119;;;;;;;;;;;;;
23040;1009;1010;24680;126;;140;;;;;;;;;;;;;
23041;1028;1027;24680;104;;117;;;;;;;;;;;;;
23042;1003;1020;24680;113;;117;;;;;;;;;;;;;
23043;1002;1024;24680;116;;112;;;;;;;;;;;;;
23044;1006;1013;24680;124;;116;;;;;;;;;;;;;
23045;1007;1001;24680;107;;116;;;;;;;;;;;;;
23046;1017;1026;24680;119;;101;;;;;;;;;;;;;
23047;1002;1016;24680;101;;124;;;;;;;;;;;;;
23048;1018;1025;24680;123;;128;;;;;;;;;;;;;
23049;1020;1019;24680;122;;114;;;;;;;;;;;;;
23050;1021;1022;24680;113;;121;;;;;;;;;;;;;
23051;1009;1015;24680;123;;137;;;;;;;;;;;;;
23052;1008;1004;24680;92;;124;;;;;;;;;;;;;
23053;1029;1012;24680;112;;107;;;;;;;;;;;;;
23054;1023;1030;24680;115;;129;;;;;;;;;;;;;
23055;1011;1005;24680;125;;104;;;;;;;;;;;;;
23056;1014;1001;24680;111;;128;;;;;;;;;;;;;
23057;1027;1028;24680;103;;96;;;;;;;;;;;;;
23058;1003;1024;24680;139;;122;;;;;;;;;;;;;
23059;1008;1010;24680;114;;146;;;;;;;;;;;;;
23060;1004;1012;24680;135;;82;;;;;;;;;;;;;
23061;1011;1007;24680;119;;127;;;;;;;;;;;;;
23062;1009;1017;24680;109;;127;;;;;;;;;;;;;
23063;1006;1013;24680;116;;118;;;;;;;;;;;;;
23064;1002;1021;24680;120;;124;;;;;;;;;;;;;
23065;1026;1019;24680;131;;120;;;;;;;;;;;;;
23066;1018;1016;24680;118;;117;;;;;;;;;;;;;
23067;1020;1025;24680;104;;125;;;;;;;;;;;;;
23068;1003;1022;24680;122;;144;;;;;;;;;;;;;
23069;1014;1001;24680;97;;114;;;;;;;;;;;;;
23070;1029;1030;24680;146;;110;;;;;;;;;;;;;
23071;1027;1010;24680;119;;128;;;;;;;;;;;;;
23072;1015;1024;24680;108;;112;;;;;;;;;;;;;
23073;1021;1019;24680;118;;114;;;;;;;;;;;;;
23074;1006;1004;24680;108;;104;;;;;;;;;;;;;
23075;1022;1009;24680;151;;127;;;;;;;;;;;;;
23076;1027;1007;24680;130;;135;;;;;;;;;;;;;
23077;1012;1027;24680;99;;114;;;;;;;;;;;;;
23078;1017;1013;24680;112;;108;;;;;;;;;;;;;
23079;1008;1011;24680;124;;130;;;;;;;;;;;;;
23080;1028;1018;24680;97;;116;;;;;;;;;;;;;
23081;1002;1020;24680;108;;125;;;;;;;;;;;;;
23082;1026;1016;24680;104;;130;;;;;;;;;;;;;
23083;1015;1025;24680;131;;143;;;;;;;;;;;;;
23084;1003;1023;24680;114;;109;;;;;;;;;;;;;
23085;1028;1029;24680;115;;113;;;;;;;;;;;;;
23086;1030;1010;24680;119;;132;;;;;;;;;;;;;
23087;1024;1019;24680;104;;109;;;;;;;;;;;;;
23088;1001;1021;24680;126;;132;;;;;;;;;;;;;
23089;1017;1004;24680;113;;127;;;;;;;;;;;;;
23090;1013;1014;24680;115;;106;;;;;;;;;;;;;
23091;1012;1009;24680;113;;144;;;;;;;;;;;;;
23092;1020;1007;24680;116;;124;;;;;;;;;;;;;
23093;1016;1005;24680;113;;104;;;;;;;;;;;;;
23094;1003;1002;24680;121;;102;;;;;;;;;;;;;
23095;1011;1027;24680;134;;127;;;;;;;;;;;;;
23096;1023;1006;24680;108;;124;;;;;;;;;;;;;
23097;1022;1026;24680;120;;111;;;;;;;;;;;;;
23098;1001;1025;24680;144;;119;;;;;;;;;;;;;
23099;1020;1008;24680;119;;111;;;;;;;;;;;;;
23100;1029;1007;24680;123;;104;;;;;;;;;;;;;
23101;1022;1018;24680;115;;134;;;;;;;;;;;;;
23102;1014;1010;24680;114;;118;;;;;;;;;;;;;
23103;1009;1028;24680;103;;116;;;;;;;;;;;;;
23104;1030;1006;24680;95;;114;;;;;;;;;;;;;
23105;1023;1017;24680;111;;118;;;;;;;;;;;;;
23106;1015;1019;24680;118;;117;;;;;;;;;;;;;
23107;1005;1004;24680;111;;121;;;;;;;;;;;;;
23108;1016;1002;24680;122;;117;;;;;;;;;;;;;
23109;1026;1027;24680;96;;122;;;;;;;;;;;;;
23110;1011;1013;24680;113;;122;;;;;;;;;;;;;
23111;1024;1025;24680;105;;120;;;;;;;;;;;;;
23112;1015;1021;24680;118;;129;;;;;;;;;;;;;
23113;1010;1003;24680;130;;111;;;;;;;;;;;;;
23114;1001;1022;24680;145;;108;;;;;;;;;;;;;
23115;1027;1029;24680;106;;104;;;;;;;;;;;;;
23116;1014;1009;24680;117;;110;;;;;;;;;;;;;
23117;1016;1012;24680;102;;95;;;;;;;;;;;;;
23118;1020;1005;24680;126;;119;;;;;;;;;;;;;
23119;1008;1002;24680;115;;126;;;;;;;;;;;;;
23120;1028;1011;24680;125;;119;;;;;;;;;;;;;
23121;1023;1018;24680;129;;120;;;;;;;;;;;;;
23122;1007;1006;24680;109;;95;;;;;;;;;;;;;
23123;1019;1021;24680;106;;126;;;;;;;;;;;;;
23124;1030;1026;24680;119;;144;;;;;;;;;;;;;
23125;1017;1025;24680;110;;98;;;;;;;;;;;;;
23126;1010;1003;24680;122;;129;;;;;;;;;;;;;
23127;1021;1016;24680;114;;120;;;;;;;;;;;;;
23128;1001;1023;24680;126;;115;;;;;;;;;;;;;
23129;1004;1013;24680;113;;119;;;;;;;;;;;;;
23130;1026;1024;24680;128;;114;;;;;;;;;;;;;
23131;1014;1015;24680;127;;119;;;;;;;;;;;;;
23132;1002;1008;24680;118;;112;;;;;;;;;;;;;
23133;1020;1030;24680;130;;118;;;;;;;;;;;;;
23134;1017;1018;24680;106;;129;;;;;;;;;;;;;
23135;1028;1029;24680;116;;115;;;;;;;;;;;;;
23136;1009;1027;24680;123;;117;;;;;;;;;;;;;
23137;1011;1006;24680;113;;118;;;;;;;;;;;;;
23138;1025;1019;24680;113;;130;;;;;;;;;;;;;
23139;1012;1022;24680;104;;113;;;;;;;;;;;;;
23140;1005;1015;24680;132;;102;;;;;;;;;;;;;
23141;1004;1014;24680;112;;92;;;;;;;;;;;;;
23142;1010;1002;24680;144;;122;;;;;;;;;;;;;
23143;1003;1018;24680;120;;129;;;;;;;;;;;;;
23144;1024;1027;24680;129;;113;;;;;;;;;;;;;
23145;1007;1026;24680;113;;110;;;;;;;;;;;;;
23146;1008;1001;24680;122;;128;;;;;;;;;;;;;
23147;1020;1029;24680;105;;112;;;;;;;;;;;;;
23148;1026;1017;24680;110;;118;;;;;;;;;;;;;
23149;1009;1006;24680;120;;104;;;;;;;;;;;;;
23150;1028;1016;24680;105;;142;;;;;;;;;;;;;
23151;1030;1019;24680;118;;105;;;;;;;;;;;;;
23152;1013;1021;24680;114;;102;;;;;;;;;;;;;
23153;1012;1023;24680;112;;133;;;;;;;;;;;;;
23154;1002;1015;24680;104;;110;;;;;;;;;;;;;
23155;1003;1014;24680;108;;117;;;;;;;;;;;;;
23156;1010;1007;24680;119;;111;;;;;;;;;;;;;
23157;1005;1001;24680;118;;120;;;;;;;;;;;;;
23158;1025;1011;24680;117;;110;;;;;;;;;;;;;
23159;1004;1027;24680;131;;127;;;;;;;;;;;;;
23160;1012;1024;24680;119;;133;;;;;;;;;;;;;
23161;1018;1016;24680;119;;93;;;;;;;;;;;;;
23162;1030;1019;24680;128;;134;;;;;;;;;;;;;
23163;1028;1022;24680;106;;117;;;;;;;;;;;;;
23164;1013;1020;24680;109;;117;;;;;;;;;;;;;
23165;1005;1008;24680;127;;129;;;;;;;;;;;;;
23166;1003;1009;24680;126;;140;;;;;;;;;;;;;
23167;1023;1017;24680;106;;108;;;;;;;;;;;;;
23168;1004;1006;24680;92;;105;;;;;;;;;;;;;
23169;1026;1021;24680;132;;122;;;;;;;;;;;;;
23170;1011;1015;24680;130;;126;;;;;;;;;;;;;
23171;1001;1030;24680;134;;101;;;;;;;;;;;;;
23172;1002;1018;24680;108;;124;;;;;;;;;;;;;
23173;1023;1029;24680;109;;129;;;;;;;;;;;;;
23174;1014;1024;24680;107;;112;;;;;;;;;;;;;
23175;1025;1028;24680;123;;92;;;;;;;;;;;;;
23176;1017;1003;24680;106;;112;;;;;;;;;;;;;
23177;1007;1005;24680;121;;124;;;;;;;;;;;;;
23178;1009;1010;24680;122;;113;;;;;;;;;;;;;
23179;1008;1027;24680;113;;136;;;;;;;;;;;;;
23180;1026;1020;24680;90;;127;;;;;;;;;;;;;
23181;1019;1024;24680;88;;109;;;;;;;;;;;;;
23182;1012;1016;24680;93;;111;;;;;;;;;;;;;
23183;1013;1022;24680;104;;121;;;;;;;;;;;;;
23184;1006;1004;24680;97;;110;;;;;;;;;;;;;
23185;1001;1018;24680;123;;127;;;;;;;;;;;;;
23186;1002;1029;24680;85;;112;;;;;;;;;;;;;
23187;1030;1028;24680;98;;106;;;;;;;;;;;;;
23188;1012;1025;24680;111;;104;;;;;;;;;;;;;
23189;1014;1021;24680;115;;121;;;;;;;;;;;;;
23190;1010;1009;24680;130;;142;;;;;;;;;;;;;
23191;1015;1007;24680;101;;140;;;;;;;;;;;;;
23192;1018;1011;24680;138;;141;;;;;;;;;;;;;
23193;1029;1017;24680;117;;106;;;;;;;;;;;;;
23194;1005;1028;24680;116;;111;;;;;;;;;;;;;
23195;1002;1027;24680;101;;112;;;;;;;;;;;;;
23196;1019;1026;24680;97;;126;;;;;;;;;;;;;
23197;1006;1003;24680;100;;116;;;;;;;;;;;;;
23198;1008;1020;24680;148;;154;;;;;;;;;;;;;
23199;1022;1024;24680;131;;122;;;;;;;;;;;;;
23200;1014;1025;24680;135;;138;;;;;;;;;;;;;
23201;1013;1023;24680;110;;96;;;;;;;;;;;;;
23202;1010;1030;24680;125;;121;;;;;;;;;;;;;
23203;1016;1021;24680;130;;127;;;;;;;;;;;;;
23204;1011;1009;24680;116;;150;;;;;;;;;;;;;
23205;1020;1001;24680;97;;126;;;;;;;;;;;;;
23206;1003;1004;24680;128;;92;;;;;;;;;;;;;
23207;1015;1007;24680;90;;114;;;;;;;;;;;;;
23208;1018;1002;24680;115;;124;;;;;;;;;;;;;
23209;1022;1029;24680;111;;95;;;;;;;;;;;;;
23210;1017;1027;24680;122;;95;;;;;;;;;;;;;
23211;1012;1006;24680;91;;104;;;;;;;;;;;;;
23212;1019;1026;24680;103;;139;;;;;;;;;;;;;
23213;1013;1024;24680;97;;113;;;;;;;;;;;;;
23214;1014;1016;24680;122;;120;;;;;;;;;;;;;
23215;1005;1025;24680;130;;135;;;;;;;;;;;;;
23216;1028;1023;24680;127;;113;;;;;;;;;;;;;
23217;1008;1021;24680;109;;113;;;;;;;;;;;;;
23218;1003;1015;24680;121;;105;;;;;;;;;;;;;
23219;1001;1009;24680;118;;101;;;;;;;;;;;;;
23220;1020;1004;24680;120;;109;;;;;;;;;;;;;
23221;1010;1027;24680;108;;112;;;;;;;;;;;;;
23222;1030;1007;24680;115;;117;;;;;;;;;;;;;
23223;1019;1002;24680;134;;127;;;;;;;;;;;;;
23224;1029;1025;24680;133;;100;;;;;;;;;;;;;
23225;1011;1014;24680;110;;117;;;;;;;;;;;;;
23226;1017;1026;24680;108;;115;;;;;;;;;;;;;
23227;1028;1024;24680;121;;115;;;;;;;;;;;;;
23228;1008;1016;24680;114;;131;;;;;;;;;;;;;
23229;1005;1021;24680;133;;118;;;;;;;;;;;;;
23230;1022;1023;24680;103;;106;;;;;;;;;;;;;
23231;1018;1015;24680;136;;128;;;;;;;;;;;;;
23232;1001;1009;24680;131;;133;;;;;;;;;;;;;
23233;1006;1012;24680;119;;112;;;;;;;;;;;;;
23234;1027;1013;24680;113;;120;;;;;;;;;;;;;
23235;1020;1010;24680;132;;116;;;;;;;;;;;;;
23236;1024;1022;24680;111;;138;;;;;;;;;;;;;
23237;1017;1014;24680;113;;92;;;;;;;;;;;;;
23238;1025;1008;24680;131;;110;;;;;;;;;;;;;
23239;1019;1003;24680;84;;112;;;;;;;;;;;;;
23240;1028;1026;24680;120;;103;;;;;;;;;;;;;
23241;1005;1023;24680;131;;132;;;;;;;;;;;;;
23242;1015;1009;24680;104;;112;;;;;;;;;;;;;
23243;1030;1008;24680;130;;108;;;;;;;;;;;;;
23244;1025;1012;24680;123;;98;;;;;;;;;;;;;
23245;1017;1001;24680;120;;127;;;;;;;;;;;;;
23246;1018;1013;24680;128;;120;;;;;;;;;;;;;
23247;1004;1011;24680;132;;139;;;;;;;;;;;;;
23248;1027;1006;24680;119;;124;;;;;;;;;;;;;
23249;1029;1021;24680;141;;105;;;;;;;;;;;;;
23250;1016;1020;24680;111;;124;;;;;;;;;;;;;
23251;1005;1022;24680;120;;126;;;;;;;;;;;;;
23252;1002;1007;24680;102;;111;;;;;;;;;;;;;
23253;1001;1010;24680;102;;135;;;;;;;;;;;;;
23254;1019;1018;24680;77;;139;;;;;;;;;;;;;
23255;1003;1026;24680;124;;128;;;;;;;;;;;;;
23256;1024;1023;24680;127;;109;;;;;;;;;;;;;
23257;1027;1008;24680;112;;110;;;;;;;;;;;;;
23258;1009;1011;24680;126;;108;;;;;;;;;;;;;
23259;1025;1004;24680;93;;112;;;;;;;;;;;;;
23260;1012;1030;24680;99;;135;;;;;;;;;;;;;
23261;1019;1017;24680;93;;116;;;;;;;;;;;;;
23262;1022;1028;24680;128;;119;;;;;;;;;;;;;
23263;1021;1006;24680;140;;131;;;;;;;;;;;;;
23264;1014;1013;24680;96;;99;;;;;;;;;;;;;
23265;1005;1020;24680;113;;145;;;;;;;;;;;;;
23266;1029;1016;24680;113;;125;;;;;;;;;;;;;
23267;1027;1001;24680;113;;145;;;;;;;;;;;;;
23268;1015;1011;24680;127;;99;;;;;;;;;;;;;
23269;1014;1018;24680;100;;112;;;;;;;;;;;;;
23270;1021;1010;24680;118;;129;;;;;;;;;;;;;
23271;1003;1028;24680;106;;94;;;;;;;;;;;;;
23272;1006;1030;24680;122;;116;;;;;;;;;;;;;
23273;1029;1026;24680;118;;108;;;;;;;;;;;;;
23274;1023;1020;24680;125;;132;;;;;;;;;;;;;
23275;1009;1016;24680;109;;117;;;;;;;;;;;;;
23276;1012;1013;24680;87;;104;;;;;;;;;;;;;
23277;1022;1017;24680;105;;109;;;;;;;;;;;;;
23278;1025;1010;24680;142;;143;;;;;;;;;;;;;
23279;1024;1019;24680;127;;116;;;;;;;;;;;;;
23280;1027;1004;24680;115;;124;;;;;;;;;;;;;
23281;1029;1026;24680;120;;125;;;;;;;;;;;;;
23282;1008;1015;24680;129;;117;;;;;;;;;;;;;
23283;1014;1003;24680;98;;94;;;;;;;;;;;;;
23284;1030;1011;24680;99;;109;;;;;;;;;;;;;
23285;1021;1028;24680;107;;116;;;;;;;;;;;;;
23286;1006;1007;24680;91;;109;;;;;;;;;;;;;
23287;1001;1005;24680;105;;96;;;;;;;;;;;;;
23288;1013;1022;24680;96;;95;;;;;;;;;;;;;
23289;1009;1020;24680;105;;132;;;;;;;;;;;;;
23290;1018;1023;24680;105;;112;;;;;;;;;;;;;
23291;1016;1004;24680;121;;126;;;;;;;;;;;;;
23292;1025;1024;24680;117;;119;;;;;;;;;;;;;
23293;1018;1022;24680;117;;128;;;;;;;;;;;;;
23294;1017;1008;24680;124;;117;;;;;;;;;;;;;
23295;1013;1005;24680;97;;121;;;;;;;;;;;;;
23296;1027;1003;24680;94;;109;;;;;;;;;;;;;
23297;1010;1007;24680;95;;135;;;;;;;;;;;;;
23298;1030;1001;24680;98;;117;;;;;;;;;;;;;
23299;1014;1011;24680;104;;106;;;;;;;;;;;;;
23300;1012;1029;24680;112;;132;;;;;;;;;;;;;
23301;1026;1023;24680;110;;127;;;;;;;;;;;;;
23302;1002;1019;24680;103;;105;;;;;;;;;;;;;
23303;1006;1005;24680;116;;110;;;;;;;;;;;;;
23304;1015;1003;24680;109;;113;;;;;;;;;;;;;
23305;1018;1020;24680;134;;129;;;;;;;;;;;;;
23306;1009;1025;24680;126;;121;;;;;;;;;;;;;
23307;1028;1017;24680;103;;118;;;;;;;;;;;;;
23308;1004;1014;24680;124;;109;;;;;;;;;;;;;
23309;1030;1012;24680;120;;124;;;;;;;;;;;;;
23310;1016;1001;24680;102;;100;;;;;;;;;;;;;
23311;1024;1029;24680;123;;109;;;;;;;;;;;;;
23312;1011;1013;24680;109;;108;;;;;;;;;;;;;
23313;1009;1019;24680;115;;118;;;;;;;;;;;;;
23314;1002;1023;24680;130;;112;;;;;;;;;;;;;
23315;1010;1008;24680;141;;135;;;;;;;;;;;;;
23316;1030;1015;24680;131;;127;;;;;;;;;;;;;
23317;1004;1012;24680;97;;89;;;;;;;;;;;;;
23318;1005;1003;24680;100;;126;;;;;;;;;;;;;
23319;1007;1011;24680;116;;95;;;;;;;;;;;;;
23320;1018;1017;24680;102;;97;;;;;;;;;;;;;
23321;1020;1027;24680;126;;127;;;;;;;;;;;;;
23322;1028;1006;24680;96;;125;;;;;;;;;;;;;
23323;1002;1022;24680;114;;125;;;;;;;;;;;;;
23324;1016;1015;24680;113;;104;;;;;;;;;;;;;
23325;1013;1014;24680;87;;105;;;;;;;;;;;;;
23326;1001;1027;24680;116;;107;;;;;;;;;;;;;
23327;1009;1024;24680;110;;117;;;;;;;;;;;;;
23328;1019;1023;24680;110;;134;;;;;;;;;;;;;
23329;1030;1004;24680;123;;133;;;;;;;;;;;;;
23330;1007;1014;24680;126;;99;;;;;;;;;;;;;
23331;1010;1008;24680;122;;113;;;;;;;;;;;;;
23332;1028;1005;24680;108;;100;;;;;;;;;;;;;
23333;1012;1017;24680;128;;125;;;;;;;;;;;;;
23334;1001;1026;24680;119;;110;;;;;;;;;;;;;
23335;1006;1024;24680;113;;115;;;;;;;;;;;;;
23336;1011;1025;24680;107;;122;;;;;;;;;;;;;
23337;1016;1009;24680;114;;109;;;;;;;;;;;;;
23338;1003;1002;24680;108;;103;;;;;;;;;;;;;
23339;1019;1018;24680;109;;111;;;;;;;;;;;;;
23340;1020;1029;24680;124;;153;;;;;;;;;;;;;
23341;1023;1022;24680;116;;127;;;;;;;;;;;;;
23342;1017;1015;24680;118;;107;;;;;;;;;;;;;
23343;1012;1008;24680;106;;113;;;;;;;;;;;;;
23344;1028;1013;24680;105;;96;;;;;;;;;;;;;
23345;1007;1010;24680;116;;126;;;;;;;;;;;;;
23346;1019;1027;24680;137;;131;;;;;;;;;;;;;
23347;1024;1026;24680;132;;109;;;;;;;;;;;;;
23348;1018;1030;24680;140;;114;;;;;;;;;;;;;
23349;1011;1021;24680;112;;134;;;;;;;;;;;;;
23350;1020;1015;24680;123;;108;;;;;;;;;;;;;
23351;1004;1009;24680;122;;134;;;;;;;;;;;;;
23352;1016;1003;24680;84;;122;;;;;;;;;;;;;
23353;1001;1013;24680;143;;110;;;;;;;;;;;;;
23354;1017;1002;24680;96;;94;;;;;;;;;;;;;
23355;1025;1021;24680;134;;133;;;;;;;;;;;;;
23356;1006;1023;24680;132;;141;;;;;;;;;;;;;
23357;1024;1009;24680;131;;133;;;;;;;;;;;;;
23358;1027;1012;24680;138;;104;;;;;;;;;;;;;
23359;1026;1011;24680;148;;143;;;;;;;;;;;;;
23360;1022;1005;24680;127;;107;;;;;;;;;;;;;
23361;1018;1029;24680;107;;83;;;;;;;;;;;;;
23362;1007;1010;24680;112;;100;;;;;;;;;;;;;
23363;1014;1028;24680;106;;107;;;;;;;;;;;;;
23364;1019;1030;24680;100;;116;;;;;;;;;;;;;
23365;1015;1008;24680;118;;104;;;;;;;;;;;;;
23366;1013;1003;24680;109;;125;;;;;;;;;;;;;
23367;1004;1016;24680;105;;111;;;;;;;;;;;;;
23368;1027;1002;24680;104;;106;;;;;;;;;;;;;
23369;1020;1012;24680;134;;122;;;;;;;;;;;;;
23370;1022;1001;24680;115;;96;;;;;;;;;;;;;
23371;1029;1010;24680;117;;141;;;;;;;;;;;;;
23372;1023;1021;24680;145;;144;;;;;;;;;;;;;
23373;1017;1030;24680;112;;113;;;;;;;;;;;;;
23374;1025;1026;24680;120;;115;;;;;;;;;;;;;
23375;1018;1008;24680;104;;120;;;;;;;;;;;;;
23376;1028;1009;24680;110;;116;;;;;;;;;;;;;
23377;1024;1014;24680;98;;113;;;;;;;;;;;;;
23378;1005;1011;24680;125;;126;;;;;;;;;;;;;
23379;1006;1019;24680;104;;96;;;;;;;;;;;;;
23380;1022;1007;24680;108;;118;;;;;;;;;;;;;
23381;1003;1012;24680;113;;92;;;;;;;;;;;;;
23382;1024;1013;24680;118;;105;;;;;;;;;;;;;
23383;1020;1002;24680;114;;147;;;;;;;;;;;;;
23384;1029;1001;24680;112;;118;;;;;;;;;;;;;
23385;1015;1030;24680;118;;113;;;;;;;;;;;;;
23386;1017;1018;24680;107;;101;;;;;;;;;;;;;
23387;1025;1028;24680;103;;94;;;;;;;;;;;;;
23388;1023;1027;24680;119;;135;;;;;;;;;;;;;
23389;1014;1026;24680;129;;131;;;;;;;;;;;;;
23390;1010;1016;24680;107;;113;;;;;;;;;;;;;
23391;1004;1019;24680;104;;130;;;;;;;;;;;;;
23392;1020;1003;24680;103;;118;;;;;;;;;;;;;
23393;1009;1001;24680;124;;129;;;;;;;;;;;;;
23394;1023;1011;24680;122;;138;;;;;;;;;;;;;
23395;1005;1006;24680;118;;107;;;;;;;;;;;;;
23396;1004;1021;24680;107;;119;;;;;;;;;;;;;
23397;1022;1015;24680;125;;109;;;;;;;;;;;;;
23398;1008;1007;24680;121;;128;;;;;;;;;;;;;
23399;1006;1012;24680;117;;110;;;;;;;;;;;;;
23400;1025;1013;24680;106;;115;;;;;;;;;;;;;
23401;1016;1018;24680;100;;105;;;;;;;;;;;;;
23402;1014;1030;24680;108;;98;;;;;;;;;;;;;
23403;1026;1017;24680;87;;121;;;;;;;;;;;;;
23404;1029;1027;24680;110;;99;;;;;;;;;;;;;
23405;1024;1002;24680;136;;120;;;;;;;;;;;;;
23406;1010;1019;24680;116;;119;;;;;;;;;;;;;
23407;1009;1003;24680;105;;109;;;;;;;;;;;;;
23408;1023;1001;24680;114;;105;;;;;;;;;;;;;
23409;1007;1028;24680;108;;101;;;;;;;;;;;;;
23410;1004;1020;24680;127;;124;;;;;;;;;;;;;
23411;1013;1015;24680;110;;102;;;;;;;;;;;;;
23412;1022;1008;24680;136;;125;;;;;;;;;;;;;
23413;1025;1009;24680;133;;122;;;;;;;;;;;;;
23414;1024;1011;24680;120;;129;;;;;;;;;;;;;
23415;1029;1030;24680;114;;113;;;;;;;;;;;;;
23416;1012;1018;24680;106;;126;;;;;;;;;;;;;
23417;1014;1017;24680;108;;106;;;;;;;;;;;;;
23418;1021;1028;24680;121;;101;;;;;;;;;;;;;
23419;1005;1027;24680;106;;135;;;;;;;;;;;;;
23420;1019;1016;24680;108;;120;;;;;;;;;;;;;
23421;1002;1004;24680;136;;121;;;;;;;;;;;;;
23422;1021;1011;24680;134;;141;;;;;;;;;;;;;
23423;1025;1006;24680;123;;115;;;;;;;;;;;;;
23424;1007;1030;24680;117;;101;;;;;;;;;;;;;
23425;1010;1026;24680;129;;117;;;;;;;;;;;;;
23426;1023;1003;24680;113;;105;;;;;;;;;;;;;
23427;1014;1008;24680;111;;99;;;;;;;;;;;;;
23428;1024;1015;24680;140;;112;;;;;;;;;;;;;
23429;1022;1013;24680;103;;95;;;;;;;;;;;;;
23430;1009;1012;24680;115;;99;;;;;;;;;;;;;
23431;1028;1001;24680;91;;131;;;;;;;;;;;;;
23432;1005;1018;24680;127;;135;;;;;;;;;;;;;
23433;1027;1017;24680;90;;111;;;;;;;;;;;;;
23434;1010;1020;24680;108;;123;;;;;;;;;;;;;
23435;1019;1016;24680;103;;112;;;;;;;;;;;;;
23436;1026;1004;24680;118;;102;;;;;;;;;;;;;
23437;1025;1007;24680;110;;136;;;;;;;;;;;;;
23438;1023;1012;24680;124;;118;;;;;;;;;;;;;
23439;1021;1002;24680;109;;98;;;;;;;;;;;;;
23440;1022;1011;24680;149;;144;;;;;;;;;;;;;
23441;1005;1029;24680;100;;138;;;;;;;;;;;;;
23442;1027;1009;24680;129;;132;;;;;;;;;;;;;
23443;1028;1003;24680;113;;123;;;;;;;;;;;;;
23444;1014;1013;24680;95;;121;;;;;;;;;;;;;
23445;1026;1002;24680;119;;107;;;;;;;;;;;;;
23446;1017;1006;24680;123;;129;;;;;;;;;;;;;
23447;1018;1020;24680;117;;124;;;;;;;;;;;;;
23448;1010;1024;24680;106;;114;;;;;;;;;;;;;
23449;1007;1015;24680;114;;106;;;;;;;;;;;;;
23450;1005;1012;24680;123;;117;;;;;;;;;;;;;
23451;1030;1013;24680;104;;116;;;;;;;;;;;;;
23452;1011;1001;24680;117;;125;;;;;;;;;;;;;
23453;1021;1004;24680;127;;104;;;;;;;;;;;;;
23454;1008;1025;24680;133;;120;;;;;;;;;;;;;
23455;1029;1022;24680;117;;106;;;;;;;;;;;;;
23456;1030;1014;24680;111;;127;;;;;;;;;;;;;
23457;1021;1009;24680;131;;109;;;;;;;;;;;;;
23458;1026;1003;24680;122;;108;;;;;;;;;;;;;
23459;1007;1002;24680;118;;95;;;;;;;;;;;;;
23460;1017;1010;24680;129;;105;;;;;;;;;;;;;
23461;1006;1028;24680;118;;110;;;;;;;;;;;;;
23462;1020;1024;24680;115;;129;;;;;;;;;;;;;
23463;1008;1019;24680;128;;122;;;;;;;;;;;;;
23464;1016;1023;24680;114;;106;;;;;;;;;;;;;
23465;1011;1004;24680;127;;121;;;;;;;;;;;;;
23466;1027;1005;24680;104;;107;;;;;;;;;;;;;
23467;1015;1001;24680;129;;133;;;;;;;;;;;;;
23468;1012;1010;24680;84;;120;;;;;;;;;;;;;
23469;1016;1025;24680;106;;135;;;;;;;;;;;;;
23470;1029;1023;24680;122;;139;;;;;;;;;;;;;
23471;1018;1026;24680;111;;146;;;;;;;;;;;;;
23472;1008;1022;24680;106;;112;;;;;;;;;;;;;
23473;1030;1002;24680;103;;123;;;;;;;;;;;;;
23474;1004;1015;24680;119;;113;;;;;;;;;;;;;
23475;1006;1014;24680;108;;114;;;;;;;;;;;;;
23476;1028;1012;24680;106;;115;;;;;;;;;;;;;
23477;1007;1005;24680;119;;95;;;;;;;;;;;;;
23478;1009;1003;24680;125;;111;;;;;;;;;;;;;
23479;1027;1011;24680;113;;122;;;;;;;;;;;;;
23480;1024;1021;24680;112;;113;;;;;;;;;;;;;
23481;1029;1019;24680;93;;84;;;;;;;;;;;;;
23482;1001;1013;24680;110;;106;;;;;;;;;;;;;
23483;1025;1018;24680;113;;127;;;;;;;;;;;;;
23484;1004;1007;24680;123;;121;;;;;;;;;;;;;
23485;1009;1012;24680;102;;111;;;;;;;;;;;;;
23486;1030;1005;24680;122;;99;;;;;;;;;;;;;
23487;1006;1011;24680;136;;126;;;;;;;;;;;;;
23488;1022;1010;24680;95;;112;;;;;;;;;;;;;
23489;1029;1028;24680;96;;87;;;;;;;;;;;;;
23490;1003;1027;24680;103;;105;;;;;;;;;;;;;
23491;1015;1026;24680;104;;112;;;;;;;;;;;;;
23492;1021;1020;24680;129;;107;;;;;;;;;;;;;
23493;1017;1022;24680;121;;100;;;;;;;;;;;;;
23494;1018;1014;24680;127;;113;;;;;;;;;;;;;
23495;1001;1002;24680;118;;110;;;;;;;;;;;;;
23496;1013;1010;24680;123;;97;;;;;;;;;;;;;
23497;1017;1019;24680;121;;109;;;;;;;;;;;;;
23498;1025;1024;24680;125;;130;;;;;;;;;;;;;
23499;1008;1023;24680;111;;125;;;;;;;;;;;;;
23500;1013;1004;24680;109;;104;;;;;;;;;;;;;
23501;1003;1014;24680;100;;118;;;;;;;;;;;;;
23502;1011;1012;24680;99;;122;;;;;;;;;;;;;
23503;1009;1005;24680;127;;125;;;;;;;;;;;;;
23504;1006;1007;24680;105;;108;;;;;;;;;;;;;
23505;1002;1001;24680;86;;136;;;;;;;;;;;;;
23506;1015;1029;24680;126;;133;;;;;;;;;;;;;
23507;1027;1028;24680;113;;121;;;;;;;;;;;;;
23508;1030;1026;24680;93;;116;;;;;;;;;;;;;
23509;1023;1020;24680;138;;122;;;;;;;;;;;;;
23510;1008;1024;24680;100;;116;;;;;;;;;;;;;
23511;1025;1016;24680;102;;98;;;;;;;;;;;;;
23512;1022;1021;24680;130;;125;;;;;;;;;;;;;
23513;1010;1028;24680;110;;113;;;;;;;;;;;;;
23514;1021;1020;24680;140;;137;;;;;;;;;;;;;
23515;1017;1019;24680;128;;91;;;;;;;;;;;;;
23516;1002;1005;24680;93;;121;;;;;;;;;;;;;
23517;1003;1004;24680;110;;96;;;;;;;;;;;;;
23518;1008;1009;24680;115;;129;;;;;;;;;;;;;
23519;1014;1007;24680;116;;109;;;;;;;;;;;;;
23520;1024;1026;24680;113;;123;;;;;;;;;;;;;
23521;1022;1018;24680;107;;129;;;;;;;;;;;;;
23522;1027;1029;24680;105;;127;;;;;;;;;;;;;
23523;1001;1006;24680;129;;112;;;;;;;;;;;;;
23524;1012;1020;24680;115;;107;;;;;;;;;;;;;
23525;1015;1016;24680;110;;130;;;;;;;;;;;;;
23526;1030;1025;24680;122;;127;;;;;;;;;;;;;
23527;1023;1021;24680;110;;128;;;;;;;;;;;;;
23528;1007;1004;24680;97;;104;;;;;;;;;;;;;
23529;1005;1011;24680;123;;121;;;;;;;;;;;;;
23530;1013;1029;24680;106;;95;;;;;;;;;;;;;
23531;1015;1018;24680;106;;147;;;;;;;;;;;;;
23532;1022;1028;24680;101;;95;;;;;;;;;;;;;
23533;1024;1027;24680;110;;114;;;;;;;;;;;;;
23534;1016;1019;24680;127;;112;;;;;;;;;;;;;
23535;1012;1021;24680;84;;97;;;;;;;;;;;;;
23536;1010;1017;24680;112;;107;;;;;;;;;;;;;
23537;1030;1023;24680;118;;123;;;;;;;;;;;;;
23538;1014;1008;24680;112;;109;;;;;;;;;;;;;
23539;1001;1003;24680;116;;102;;;;;;;;;;;;;
23540;1002;1017;24680;86;;101;;;;;;;;;;;;;
23541;1010;1004;24680;119;;98;;;;;;;;;;;;;
23542;1023;1024;24680;113;;123;;;;;;;;;;;;;
23543;1026;1009;24680;111;;133;;;;;;;;;;;;;
23544;1007;1015;24680;114;;105;;;;;;;;;;;;;
23545;1016;1021;24680;119;;103;;;;;;;;;;;;;
23546;1006;1029;24680;114;;106;;;;;;;;;;;;;
23547;1018;1027;24680;123;;110;;;;;;;;;;;;;
23548;1014;1011;24680;92;;109;;;;;;;;;;;;;
23549;1030;1020;24680;109;;128;;;;;;;;;;;;;
23550;1012;1019;24680;93;;80;;;;;;;;;;;;;
23551;1025;1022;24680;123;;107;;;;;;;;;;;;;
23552;1005;1009;24680;130;;122;;;;;;;;;;;;;
23553;1008;1003;24680;111;;113;;;;;;;;;;;;;
23554;1002;1028;24680;111;;86;;;;;;;;;;;;;
23555;1013;1025;24680;121;;110;;;;;;;;;;;;;
23556;1021;1015;24680;123;;112;;;;;;;;;;;;;
23557;1002;1014;24680;81;;108;;;;;;;;;;;;;
23558;1026;1007;24680;119;;121;;;;;;;;;;;;;
23559;1029;1003;24680;115;;92;;;;;;;;;;;;;
23560;1004;1001;24680;99;;117;;;;;;;;;;;;;
23561;1020;1011;24680;97;;124;;;;;;;;;;;;;
23562;1012;1010;24680;85;;123;;;;;;;;;;;;;
23563;1008;1006;24680;105;;95;;;;;;;;;;;;;
23564;1030;1017;24680;105;;114;;;;;;;;;;;;;
23565;1013;1019;24680;106;;96;;;;;;;;;;;;;
23566;1027;1018;24680;95;;112;;;;;;;;;;;;;
23567;1026;1005;24680;136;;125;;;;;;;;;;;;;
23568;1029;1009;24680;114;;123;;;;;;;;;;;;;
23569;1007;1006;24680;123;;132;;;;;;;;;;;;;
23570;1028;1017;24680;101;;110;;;;;;;;;;;;;
23571;1025;1016;24680;96;;117;;;;;;;;;;;;;
23572;1023;1022;24680;116;;112;;;;;;;;;;;;;
23573;1020;1014;24680;107;;115;;;;;;;;;;;;;
23574;1010;1012;24680;111;;99;;;;;;;;;;;;;
23575;1021;1003;24680;110;;99;;;;;;;;;;;;;
23576;1011;1002;24680;97;;124;;;;;;;;;;;;;
23577;1018;1030;24680;118;;132;;;;;;;;;;;;;
23578;1027;1024;24680;105;;110;;;;;;;;;;;;;
23579;1013;1016;24680;97;;103;;;;;;;;;;;;;
23580;1015;1023;24680;131;;134;;;;;;;;;;;;;
23581;1012;1004;24680;114;;121;;;;;;;;;;;;;
23582;1007;1008;24680;110;;100;;;;;;;;;;;;;
23583;1021;1005;24680;120;;105;;;;;;;;;;;;;
23584;1026;1001;24680;110;;138;;;;;;;;;;;;;
23585;1009;1029;24680;102;;129;;;;;;;;;;;;;
23586;1025;1017;24680;124;;120;;;;;;;;;;;;;
23587;1019;1028;24680;122;;92;;;;;;;;;;;;;
23588;1010;1006;24680;113;;97;;;;;;;;;;;;;
23589;1015;1022;24680;115;;140;;;;;;;;;;;;;
23590;1011;1002;24680;102;;114;;;;;;;;;;;;;
23591;1020;1013;24680;120;;126;;;;;;;;;;;;;
23592;1019;1028;24680;107;;100;;;;;;;;;;;;;
23593;1016;1023;24680;124;;114;;;;;;;;;;;;;
23594;1027;1024;24680;118;;109;;;;;;;;;;;;;
23595;1004;1026;24680;120;;116;;;;;;;;;;;;;
23596;1022;1017;24680;89;;88;;;;;;;;;;;;;
23597;1021;1001;24680;88;;140;;;;;;;;;;;;;
23598;1012;1005;24680;106;;111;;;;;;;;;;;;;
23599;1008;1014;24680;91;;113;;;;;;;;;;;;;
23600;1009;1030;24680;105;;117;;;;;;;;;;;;;
23601;1003;1007;24680;107;;98;;;;;;;;;;;;;
23602;1018;1024;24680;118;;110;;;;;;;;;;;;;
23603;1028;1002;24680;106;;102;;;;;;;;;;;;;
23604;1019;1017;24680;114;;119;;;;;;;;;;;;;
23605;1022;1010;24680;106;;113;;;;;;;;;;;;;
23606;1015;1020;24680;115;;127;;;;;;;;;;;;;
23607;1006;1025;24680;113;;109;;;;;;;;;;;;;
23608;1018;1023;24680;104;;116;;;;;;;;;;;;;
23609;1014;1012;24680;101;;89;;;;;;;;;;;;;
23610;1029;1005;24680;139;;98;;;;;;;;;;;;;
23611;1011;1003;24680;116;;100;;;;;;;;;;;;;
23612;1008;1013;24680;110;;118;;;;;;;;;;;;;
23613;1004;1002;24680;107;;112;;;;;;;;;;;;;
23614;1001;1007;24680;104;;105;;;;;;;;;;;;;
23615;1030;1027;24680;101;;114;;;;;;;;;;;;;
23616;1009;1026;24680;137;;120;;;;;;;;;;;;;
23617;1024;1016;24680;117;;107;;;;;;;;;;;;;
23618;1014;1015;24680;119;;109;;;;;;;;;;;;;
23619;1022;1027;24680;122;;116;;;;;;;;;;;;;
23620;1028;1004;24680;115;;109;;;;;;;;;;;;;
23621;1007;1011;24680;101;;112;;;;;;;;;;;;;
23622;1006;1020;24680;119;;117;;;;;;;;;;;;;
23623;1018;1019;24680;128;;120;;;;;;;;;;;;;
23624;1010;1021;24680;90;;125;;;;;;;;;;;;;
23625;1025;1023;24680;130;;120;;;;;;;;;;;;;
23626;1017;1009;24680;113;;111;;;;;;;;;;;;;
23627;1002;1008;24680;112;;118;;;;;;;;;;;;;
23628;1013;1026;24680;108;;114;;;;;;;;;;;;;
23629;1005;1024;24680;113;;120;;;;;;;;;;;;;
23630;1030;1025;24680;129;;131;;;;;;;;;;;;;
23631;1006;1021;24680;125;;122;;;;;;;;;;;;;
23632;1001;1016;24680;109;;115;;;;;;;;;;;;;
23633;1012;1015;24680;100;;112;;;;;;;;;;;;;
23634;1029;1004;24680;103;;95;;;;;;;;;;;;;
23635;1014;1003;24680;74;;98;;;;;;;;;;;;;
23636;1017;1007;24680;104;;113;;;;;;;;;;;;;
23637;1013;1018;24680;100;;107;;;;;;;;;;;;;
23638;1011;1028;24680;99;;92;;;;;;;;;;;;;
23639;1027;1019;24680;123;;107;;;;;;;;;;;;;
23640;1010;1023;24680;122;;123;;;;;;;;;;;;;
23641;1006;1022;24680;102;;112;;;;;;;;;;;;;
23642;1026;1008;24680;142;;124;;;;;;;;;;;;;
23643;1002;1012;24680;99;;110;;;;;;;;;;;;;
23644;1030;1021;24680;126;;113;;;;;;;;;;;;;
23645;1001;1024;24680;117;;107;;;;;;;;;;;;;
23646;1020;1016;24680;121;;142;;;;;;;;;;;;;
23647;1005;1019;24680;118;;128;;;;;;;;;;;;;
23648;1010;1022;24680;124;;117;;;;;;;;;;;;;
23649;1027;1025;24680;112;;104;;;;;;;;;;;;;
23650;1009;1014;24680;111;;97;;;;;;;;;;;;;
23651;1015;1013;24680;110;;108;;;;;;;;;;;;;
23652;1029;1011;24680;116;;103;;;;;;;;;;;;;
23653;1028;1018;24680;93;;124;;;;;;;;;;;;;
23654;1002;1007;24680;120;;101;;;;;;;;;;;;;
23655;1004;1003;24680;79;;73;;;;;;;;;;;;;
23656;1017;1023;24680;109;;120;;;;;;;;;;;;;
23657;1012;1008;24680;97;;114;;;;;;;;;;;;;
23658;1024;1007;24680;117;;111;;;;;;;;;;;;;
23659;1021;1030;24680;112;;102;;;;;;;;;;;;;
23660;1026;1006;24680;127;;92;;;;;;;;;;;;;
23661;1005;1016;24680;119;;125;;;;;;;;;;;;;
23662;1001;1019;24680;121;;99;;;;;;;;;;;;;
23663;1004;1003;24680;79;;106;;;;;;;;;;;;;
23664;1009;1018;24680;121;;111;;;;;;;;;;;;;
23665;1015;1028;24680;97;;109;;;;;;;;;;;;;
23666;1027;1030;24680;103;;101;;;;;;;;;;;;;
23667;1001;1020;24680;123;;107;;;;;;;;;;;;;
23668;1010;1025;24680;94;;129;;;;;;;;;;;;;
23669;1017;1022;24680;118;;100;;;;;;;;;;;;;
23670;1002;1014;24680;106;;114;;;;;;;;;;;;;
23671;1005;1008;24680;104;;113;;;;;;;;;;;;;
23672;1016;1013;24680;100;;88;;;;;;;;;;;;;
23673;1006;1009;24680;132;;129;;;;;;;;;;;;;
23674;1007;1029;24680;116;;95;;;;;;;;;;;;;
23675;1012;1028;24680;110;;98;;;;;;;;;;;;;
23676;1021;1026;24680;99;;109;;;;;;;;;;;;;
23677;1023;1025;24680;107;;120;;;;;;;;;;;;;
23678;1011;1019;24680;102;;106;;;;;;;;;;;;;
23679;1024;1001;24680;112;;127;;;;;;;;;;;;;
23680;1004;1010;24680;105;;114;;;;;;;;;;;;;
23681;1015;1027;24680;119;;135;;;;;;;;;;;;;
23682;1022;1006;24680;126;;111;;;;;;;;;;;;;
23683;1003;1019;24680;105;;93;;;;;;;;;;;;;
23684;1026;1018;24680;119;;126;;;;;;;;;;;;;
23685;1013;1008;24680;108;;95;;;;;;;;;;;;;
23686;1024;1012;24680;107;;96;;;;;;;;;;;;;
23687;1014;1005;24680;113;;103;;;;;;;;;;;;;
23688;1022;1029;24680;104;;112;;;;;;;;;;;;;
23689;1016;1030;24680;117;;106;;;;;;;;;;;;;
23690;1011;1020;24680;122;;124;;;;;;;;;;;;;
23691;1007;1027;24680;103;;117;;;;;;;;;;;;;
23692;1019;1029;24680;107;;126;;;;;;;;;;;;;
23693;1012;1004;24680;98;;109;;;;;;;;;;;;;
23694;1002;1009;24680;100;;121;;;;;;;;;;;;;
23695;1018;1028;24680;118;;112;;;;;;;;;;;;;
23696;1015;1006;24680;98;;127;;;;;;;;;;;;;
23697;1021;1023;24680;128;;121;;;;;;;;;;;;;
23698;1017;1020;24680;119;;100;;;;;;;;;;;;;
23699;1003;1025;24680;98;;91;;;;;;;;;;;;;
23700;1024;1010;24680;129;;140;;;;;;;;;;;;;
23701;1013;1008;24680;104;;101;;;;;;;;;;;;;
23702;1016;1026;24680;105;;107;;;;;;;;;;;;;
23703;1001;1015;24680;130;;104;;;;;;;;;;;;;
23704;1005;1014;24680;96;;111;;;;;;;;;;;;;
23705;1002;1030;24680;115;;122;;;;;;;;;;;;;
23706;1011;1022;24680;110;;93;;;;;;;;;;;;;
23707;1007;1009;24680;108;;103;;;;;;;;;;;;;
23708;1013;1004;24680;91;;98;;;;;;;;;;;;;
23709;1008;1001;24680;94;;119;;;;;;;;;;;;;
23710;1019;1006;24680;107;;110;;;;;;;;;;;;;
23711;1017;1020;24680;114;;104;;;;;;;;;;;;;
23712;1028;1025;24680;111;;121;;;;;;;;;;;;;
23713;1003;1021;24680;119;;112;;;;;;;;;;;;;
23714;1011;1023;24680;105;;136;;;;;;;;;;;;;
23715;1027;1015;24680;137;;114;;;;;;;;;;;;;
23716;1012;1014;24680;92;;112;;;;;;;;;;;;;
23717;1029;1002;24680;104;;91;;;;;;;;;;;;;
23718;1026;1030;24680;113;;107;;;;;;;;;;;;;
23719;1016;1017;24680;115;;112;;;;;;;;;;;;;
23720;1009;1008;24680;122;;103;;;;;;;;;;;;;
23721;1013;1007;24680;107;;104;;;;;;;;;;;;;
23722;1025;1005;24680;123;;89;;;;;;;;;;;;;
23723;1010;1001;24680;119;;122;;;;;;;;;;;;;
23724;1020;1018;24680;107;;119;;;;;;;;;;;;;
23725;1022;1019;24680;116;;103;;;;;;;;;;;;;
23726;1004;1024;24680;102;;115;;;;;;;;;;;;;
23727;1028;1021;24680;116;;137;;;;;;;;;;;;;
23728;1025;1015;24680;102;;109;;;;;;;;;;;;;
23729;1029;1014;24680;106;;121;;;;;;;;;;;;;
23730;1002;1010;24680;108;;115;;;;;;;;;;;;;
23731;1006;1027;24680;117;;127;;;;;;;;;;;;;
23732;1020;1026;24680;97;;113;;;;;;;;;;;;;
23733;1003;1016;24680;100;;113;;;;;;;;;;;;;
23734;1011;1024;24680;115;;128;;;;;;;;;;;;;
23735;1018;1005;24680;123;;103;;;;;;;;;;;;;
23736;1001;1008;24680;129;;102;;;;;;;;;;;;;
23737;1028;1030;24680;99;;97;;;;;;;;;;;;;
23738;1007;1017;24680;91;;104;;;;;;;;;;;;;
23739;1029;1013;24680;111;;88;;;;;;;;;;;;;
23740;1022;1019;24680;125;;117;;;;;;;;;;;;;
23741;1009;1021;24680;123;;111;;;;;;;;;;;;;
23742;1004;1023;24680;94;;101;;;;;;;;;;;;;
23743;1002;1003;24680;93;;105;;;;;;;;;;;;;
23744;1025;1014;24680;109;;107;;;;;;;;;;;;;
23745;1012;1011;24680;91;;132;;;;;;;;;;;;;
23746;1024;1030;24680;131;;106;;;;;;;;;;;;;
23747;1020;1027;24680;119;;147;;;;;;;;;;;;;
23748;1001;1006;24680;124;;113;;;;;;;;;;;;;
23749;1005;1015;24680;109;;112;;;;;;;;;;;;;
23750;1016;1019;24680;114;;111;;;;;;;;;;;;;
23751;1029;1008;24680;114;;101;;;;;;;;;;;;;
23752;1004;1022;24680;121;;107;;;;;;;;;;;;;
23753;1007;1013;24680;84;;121;;;;;;;;;;;;;
23754;1021;1017;24680;110;;114;;;;;;;;;;;;;
23755;1018;1010;24680;93;;118;;;;;;;;;;;;;
23756;1009;1023;24680;145;;150;;;;;;;;;;;;;
23757;1012;1007;24680;92;;115;;;;;;;;;;;;;
23758;1002;1005;24680;96;;88;;;;;;;;;;;;;
23759;1008;1003;24680;99;;124;;;;;;;;;;;;;
23760;1001;1011;24680;118;;120;;;;;;;;;;;;;
23761;1024;1030;24680;102;;104;;;;;;;;;;;;;
23762;1019;1027;24680;92;;110;;;;;;;;;;;;;
23763;1015;1006;24680;107;;105;;;;;;;;;;;;;
23764;1026;1020;24680;115;;105;;;;;;;;;;;;;
23765;1028;1016;24680;103;;128;;;;;;;;;;;;;
23766;1004;1025;24680;96;;108;;;;;;;;;;;;;
23767;1009;1022;24680;133;;116;;;;;;;;;;;;;
23768;1023;1010;24680;128;;124;;;;;;;;;;;;;
23769;1021;1013;24680;113;;92;;;;;;;;;;;;;
23770;1018;1029;24680;119;;112;;;;;;;;;;;;;
23771;1026;1025;24680;132;;96;;;;;;;;;;;;;
23772;1002;1015;24680;122;;119;;;;;;;;;;;;;
23773;1021;1014;24680;101;;93;;;;;;;;;;;;;
23774;1007;1012;24680;111;;118;;;;;;;;;;;;;
23775;1003;1005;24680;145;;101;;;;;;;;;;;;;
23776;1022;1004;24680;108;;107;;;;;;;;;;;;;
23777;1019;1011;24680;106;;120;;;;;;;;;;;;;
23778;1005;1018;24680;132;;126;;;;;;;;;;;;;
23779;1008;1017;24680;91;;106;;;;;;;;;;;;;
23780;1023;1028;24680;136;;124;;;;;;;;;;;;;
23781;1009;1006;24680;99;;125;;;;;;;;;;;;;
23782;1030;1020;24680;118;;111;;;;;;;;;;;;;
23783;1024;1016;24680;104;;97;;;;;;;;;;;;;
23784;1001;1011;24680;122;;123;;;;;;;;;;;;;
23785;1010;1029;24680;100;;107;;;;;;;;;;;;;
23786;1008;1015;24680;96;;87;;;;;;;;;;;;;
23787;1022;1014;24680;100;;97;;;;;;;;;;;;;
23788;1023;1009;24680;90;;109;;;;;;;;;;;;;
23789;1021;1012;24680;115;;97;;;;;;;;;;;;;
23790;1004;1007;24680;114;;117;;;;;;;;;;;;;
23791;1006;1002;24680;108;;125;;;;;;;;;;;;;
23792;1003;1030;24680;126;;130;;;;;;;;;;;;;
23793;1024;1018;24680;103;;128;;;;;;;;;;;;;
23794;1019;1013;24680;82;;142;;;;;;;;;;;;;
23795;1017;1016;24680;111;;98;;;;;;;;;;;;;
23796;1027;1020;24680;101;;100;;;;;;;;;;;;;
23797;1026;1025;24680;107;;103;;;;;;;;;;;;;
23798;1001;1029;24680;104;;92;;;;;;;;;;;;;
23799;1028;1014;24680;88;;118;;;;;;;;;;;;;
23800;1010;1011;24680;122;;113;;;;;;;;;;;;;
23801;1007;1016;24680;101;;130;;;;;;;;;;;;;
23802;1013;1015;24680;119;;107;;;;;;;;;;;;;
23803;1004;1005;24680;135;;120;;;;;;;;;;;;;
23804;1022;1012;24680;130;;118;;;;;;;;;;;;;
23805;1023;1002;24680;116;;104;;;;;;;;;;;;;
23806;1021;1030;24680;117;;113;;;;;;;;;;;;;
23807;1006;1017;24680;109;;101;;;;;;;;;;;;;
23808;1026;1027;24680;125;;107;;;;;;;;;;;;;
23809;1018;1003;24680;113;;112;;;;;;;;;;;;;
23810;1020;1025;24680;106;;127;;;;;;;;;;;;;
23811;1019;1014;24680;103;;104;;;;;;;;;;;;;
23812;1002;1009;24680;111;;133;;;;;;;;;;;;;
23813;1028;1008;24680;110;;108;;;;;;;;;;;;;
23814;1001;1012;24680;118;;104;;;;;;;;;;;;;
23815;1024;1029;24680;124;;111;;;;;;;;;;;;;
23816;1011;1006;24680;113;;101;;;;;;;;;;;;;
23817;1010;1015;24680;113;;117;;;;;;;;;;;;;
23818;1023;1005;24680;128;;111;;;;;;;;;;;;;
23819;1003;1013;24680;99;;109;;;;;;;;;;;;;
23820;1018;1004;24680;105;;109;;;;;;;;;;;;;
23821;1027;1017;24680;106;;113;;;;;;;;;;;;;
23822;1007;1020;24680;129;;113;;;;;;;;;;;;;
23823;1030;1016;24680;105;;110;;;;;;;;;;;;;
23824;1022;1025;24680;95;;109;;;;;;;;;;;;;
23825;1026;1021;24680;100;;104;;;;;;;;;;;;;
23826;1023;1015;24680;125;;120;;;;;;;;;;;;;
23827;1019;1012;24680;89;;86;;;;;;;;;;;;;
23828;1009;1002;24680;111;;115;;;;;;;;;;;;;
23829;1018;1001;24680;100;;135;;;;;;;;;;;;;
23830;1008;1011;24680;113;;121;;;;;;;;;;;;;
23831;1014;1029;24680;117;;108;;;;;;;;;;;;;
23832;1005;1017;24680;85;;133;;;;;;;;;;;;;
23833;1028;1010;24680;111;;101;;;;;;;;;;;;;
23834;1007;1024;24680;101;;122;;;;;;;;;;;;;
23835;1011;1026;24680;95;;109;;;;;;;;;;;;;
23836;1025;1003;24680;109;;120;;;;;;;;;;;;;
23837;1004;1013;24680;109;;105;;;;;;;;;;;;;
23838;1021;1027;24680;133;;110;;;;;;;;;;;;;
23839;1016;1022;24680;100;;102;;;;;;;;;;;;;
23840;1019;1015;24680;108;;102;;;;;;;;;;;;;
23841;1018;1009;24680;112;;126;;;;;;;;;;;;;
23842;1014;1012;24680;115;;124;;;;;;;;;;;;;
23843;1025;1001;24680;100;;101;;;;;;;;;;;;;
23844;1030;1029;24680;111;;109;;;;;;;;;;;;;
23845;1005;1010;24680;117;;111;;;;;;;;;;;;;
23846;1008;1028;24680;90;;108;;;;;;;;;;;;;
23847;1013;1027;24680;119;;104;;;;;;;;;;;;;
23848;1003;1006;24680;100;;108;;;;;;;;;;;;;
23849;1021;1026;24680;106;;108;;;;;;;;;;;;;
23850;1017;1024;24680;87;;97;;;;;;;;;;;;;
23851;1020;1022;24680;102;;131;;;;;;;;;;;;;
23852;1007;1023;24680;97;;116;;;;;;;;;;;;;
23853;1008;1002;24680;103;;113;;;;;;;;;;;;;
23854;1004;1028;24680;116;;96;;;;;;;;;;;;;
23855;1011;1016;24680;110;;142;;;;;;;;;;;;;
23856;1007;1022;24680;118;;120;;;;;;;;;;;;;
23857;1027;1026;24680;136;;147;;;;;;;;;;;;;
23858;1013;1009;24680;115;;117;;;;;;;;;;;;;
23859;1029;1024;24680;113;;115;;;;;;;;;;;;;
23860;1015;1005;24680;122;;130;;;;;;;;;;;;;
23861;1006;1014;24680;98;;113;;;;;;;;;;;;;
23862;1018;1012;24680;121;;118;;;;;;;;;;;;;
23863;1019;1001;24680;107;;124;;;;;;;;;;;;;
23864;1004;1030;24680;133;;126;;;;;;;;;;;;;
23865;1003;1010;24680;122;;109;;;;;;;;;;;;;
23866;1025;1002;24680;107;;77;;;;;;;;;;;;;
23867;1020;1021;24680;110;;118;;;;;;;;;;;;;
23868;1017;1023;24680;127;;117;;;;;;;;;;;;;
23869;1009;1005;24680;140;;123;;;;;;;;;;;;;
23870;1008;1004;24680;102;;120;;;;;;;;;;;;;
23871;1026;1012;24680;130;;104;;;;;;;;;;;;;
23872;1001;1010;24680;91;;104;;;;;;;;;;;;;
23873;1013;1011;24680;117;;111;;;;;;;;;;;;;
23874;1025;1018;24680;105;;112;;;;;;;;;;;;;
23875;1015;1017;24680;121;;130;;;;;;;;;;;;;
23876;1030;1028;24680;102;;87;;;;;;;;;;;;;
23877;1014;1027;24680;106;;118;;;;;;;;;;;;;
23878;1003;1006;24680;128;;117;;;;;;;;;;;;;
23879;1016;1020;24680;111;;95;;;;;;;;;;;;;
23880;1029;1019;24680;110;;100;;;;;;;;;;;;;
23881;1022;1024;24680;105;;92;;;;;;;;;;;;;
23882;1021;1023;24680;134;;120;;;;;;;;;;;;;
23883;1028;1007;24680;98;;110;;;;;;;;;;;;;
23884;1026;1013;24680;111;;92;;;;;;;;;;;;;
23885;1005;1002;24680;102;;106;;;;;;;;;;;;;
23886;1012;1011;24680;115;;114;;;;;;;;;;;;;
23887;1030;1018;24680;89;;127;;;;;;;;;;;;;
23888;1014;1010;24680;99;;117;;;;;;;;;;;;;
23889;1017;1016;24680;107;;116;;;;;;;;;;;;;
23890;1024;1022;24680;124;;108;;;;;;;;;;;;;
23891;1006;1008;24680;127;;105;;;;;;;;;;;;;
23892;1003;1001;24680;118;;109;;;;;;;;;;;;;
23893;1027;1020;24680;121;;124;;;;;;;;;;;;;
23894;1029;1025;24680;135;;123;;;;;;;;;;;;;
23895;1021;1019;24680;100;;92;;;;;;;;;;;;;
23896;1006;1015;24680;129;;127;;;;;;;;;;;;;
23897;1014;1004;24680;113;;125;;;;;;;;;;;;;
23898;1002;1003;24680;107;;111;;;;;;;;;;;;;
23899;1009;1007;24680;120;;129;;;;;;;;;;;;;
23900;1012;1001;24680;98;;131;;;;;;;;;;;;;
23901;1016;1030;24680;120;;121;;;;;;;;;;;;;
23902;1010;1018;24680;107;;125;;;;;;;;;;;;;
23903;1011;1017;24680;106;;109;;;;;;;;;;;;;
23904;1023;1028;24680;123;;120;;;;;;;;;;;;;
23905;1005;1013;24680;103;;125;;;;;;;;;;;;;
23906;1008;1026;24680;107;;89;;;;;;;;;;;;;
23907;1027;1019;24680;116;;107;;;;;;;;;;;;;
23908;1029;1021;24680;114;;109;;;;;;;;;;;;;
23909;1024;1025;24680;108;;107;;;;;;;;;;;;;
23910;1020;1022;24680;110;;109;;;;;;;;;;;;;
23911;1002;1004;24680;86;;107;;;;;;;;;;;;;
23912;1010;1014;24680;88;;113;;;;;;;;;;;;;
23913;1006;1003;24680;119;;120;;;;;;;;;;;;;
23914;1005;1013;24680;103;;118;;;;;;;;;;;;;
23915;1011;1009;24680;115;;157;;;;;;;;;;;;;
23916;1012;1007;24680;120;;110;;;;;;;;;;;;;
23917;1015;1001;24680;122;;132;;;;;;;;;;;;;
23918;1019;1025;24680;82;;121;;;;;;;;;;;;;
23919;1027;1022;24680;116;;105;;;;;;;;;;;;;
23920;1020;1021;24680;116;;123;;;;;;;;;;;;;
23921;1008;1030;24680;95;;123;;;;;;;;;;;;;
23922;1026;1018;24680;86;;135;;;;;;;;;;;;;
23923;1023;1029;24680;124;;108;;;;;;;;;;;;;
23924;1024;1017;24680;125;;106;;;;;;;;;;;;;
23925;1016;1028;24680;126;;111;;;;;;;;;;;;;
23926;1023;1029;36701;110;;106;;;;;;;;;;;;;
23927;1021;1025;36701;94;;118;;;;;;;;;;;;;
23928;1013;1004;36701;104;;105;;;;;;;;;;;;;
23929;1011;1006;36701;116;;131;;;;;;;;;;;;;
23930;1006;1013;36701;91;;112;;;;;;;;;;;;;
23931;1025;1029;36701;98;;105;;;;;;;;;;;;;
23932;1014;1007;36701;83;;97;;;;;;;;;;;;;
23933;1024;1017;36701;95;;120;;;;;;;;;;;;;
23934;1004;1003;36701;104;;111;;;;;;;;;;;;;
23935;1023;1016;36701;103;;114;;;;;;;;;;;;;
23936;1013;1001;36701;94;;114;;;;;;;;;;;;;
23937;1026;1022;36701;97;;109;;;;;;;;;;;;;
23938;1009;1010;36701;94;;109;;;;;;;;;;;;;
23939;1029;1018;36701;92;;94;;;;;;;;;;;;;
23940;1014;1007;36701;86;;96;;;;;;;;;;;;;
23941;1004;1003;36701;101;;104;;;;;;;;;;;;;
23942;1023;1016;36701;99;;101;;;;;;;;;;;;;
23943;1024;1017;36701;93;;105;;;;;;;;;;;;;
23944;1009;1010;36701;125;;108;;;;;;;;;;;;;
23945;1026;1022;36701;96;;93;;;;;;;;;;;;;
23946;1013;1016;36701;111;;101;;;;;;;;;;;;;
23947;1029;1018;36701;92;;124;;;;;;;;;;;;;
23948;1007;1014;36701;83;;121;;;;;;;;;;;;;
23949;1003;1004;36701;114;;125;;;;;;;;;;;;;
23950;1016;1023;36701;112;;105;;;;;;;;;;;;;
23951;1010;1009;36701;118;;121;;;;;;;;;;;;;
23952;1022;1026;36701;90;;101;;;;;;;;;;;;;
23953;1017;1024;36701;126;;109;;;;;;;;;;;;;
23954;1007;1014;36701;89;;112;;;;;;;;;;;;;
23955;1018;1029;36701;106;;85;;;;;;;;;;;;;
23956;1001;1013;36701;104;;84;;;;;;;;;;;;;
23957;1016;1023;36701;108;;119;;;;;;;;;;;;;
23958;1003;1004;36701;97;;92;;;;;;;;;;;;;
23959;1022;1026;36701;116;;111;;;;;;;;;;;;;
23960;1010;1009;36701;113;;126;;;;;;;;;;;;;
23961;1017;1024;36701;122;;116;;;;;;;;;;;;;
23962;1001;1013;36701;102;;88;;;;;;;;;;;;;
23963;1018;1029;36701;97;;89;;;;;;;;;;;;;
23964;1023;1016;36701;106;;108;;;;;;;;;;;;;
23965;1004;1003;36701;112;;106;;;;;;;;;;;;;
23966;1014;1007;36701;103;;104;;;;;;;;;;;;;
23967;1009;1010;36701;92;;115;;;;;;;;;;;;;
23968;1013;1001;36701;84;;118;;;;;;;;;;;;;
23969;1026;1022;36701;123;;93;;;;;;;;;;;;;
23970;1010;1009;36701;98;;120;;;;;;;;;;;;;
23971;1003;1004;36701;118;;115;;;;;;;;;;;;;
23972;1007;1014;36701;96;;103;;;;;;;;;;;;;
23973;1022;1026;36701;101;;114;;;;;;;;;;;;;
23974;1017;1016;36701;106;;99;;;;;;;;;;;;;
23975;1014;1007;36701;94;;106;;;;;;;;;;;;;
23976;1009;1003;36701;117;;121;;;;;;;;;;;;;
23977;1017;1016;36701;106;;80;;;;;;;;;;;;;
23978;1007;1001;36701;95;;120;;;;;;;;;;;;;
23979;1026;1018;36701;95;;117;;;;;;;;;;;;;
23980;1009;1003;36701;121;;130;;;;;;;;;;;;;
23981;1007;1001;36701;118;;94;;;;;;;;;;;;;
23982;1026;1018;36701;119;;110;;;;;;;;;;;;;
23983;1003;1009;36701;106;;111;;;;;;;;;;;;;
23984;1016;1017;36701;117;;90;;;;;;;;;;;;;
23985;1018;1026;36701;101;;105;;;;;;;;;;;;;
23986;1001;1007;36701;106;;93;;;;;;;;;;;;;
;;;;;;;;;;;;;;;;;;;
;;;;;;;;;;;;;;;;;;;
;;;;;;;;;;;;;;;;;;;
;;;;;;;;;;;;;;;;;;;
;;;;;;;;;;;;;;;;;;;
;;;;;;;;;;;;;;;;;;;
;;;;;;;;;;;;;;;;;;;
;;;;;;;;;;;;;;;;;;;
;;;;;;;;;;;;;;;;;;;
;;;;;;;;;;;;;;;;;;;
;;;;;;;;;;;;;;;;;;;
;;;;;;;;;;;;;;;;;;;
;;;;;;;;;;;;;;;;;;;
;;;;;;;;;;;;;;;;;;;
;;;;;;;;;;;;;;;;;;;
;;;;;;;;;;;;;;;;;;;
;;;;;;;;;;;;;;;;;;;
;;;;;;;;;;;;;;;;;;;
;;;;;;;;;;;;;;;;;;;
;;;;;;;;;;;;;;;;;;;
;;;;;;;;;;;;;;;;;;;
;;;;;;;;;;;;;;;;;;;
;;;;;;;;;;;;;;;;;;;
;;;;;;;;;;;;;;;;;;;
;;;;;;;;;;;;;;;;;;;
;;;;;;;;;;;;;;;;;;;
;;;;;;;;;;;;;;;;;;;
;;;;;;;;;;;;;;;;;;;
;;;;;;;;;;;;;;;;;;;
;;;;;;;;;;;;;;;;;;;
;;;;;;;;;;;;;;;;;;;
;;;;;;;;;;;;;;;;;;;
;;;;;;;;;;;;;;;;;;;
;;;;;;;;;;;;;;;;;;;
;;;;;;;;;;;;;;;;;;;
;;;;;;;;;;;;;;;;;;;
;;;;;;;;;;;;;;;;;;;
;;;;;;;;;;;;;;;;;;;
;;;;;;;;;;;;;;;;;;;
;;;;;;;;;;;;;;;;;;;
;;;;;;;;;;;;;;;;;;;
;;;;;;;;;;;;;;;;;;;
;;;;;;;;;;;;;;;;;;;
;;;;;;;;;;;;;;;;;;;
;;;;;;;;;;;;;;;;;;;
;;;;;;;;;;;;;;;;;;;
;;;;;;;;;;;;;;;;;;;
;;;;;;;;;;;;;;;;;;;
;;;;;;;;;;;;;;;;;;;
;;;;;;;;;;;;;;;;;;;
;;;;;;;;;;;;;;;;;;;
;;;;;;;;;;;;;;;;;;;
;;;;;;;;;;;;;;;;;;;
;;;;;;;;;;;;;;;;;;;
;;;;;;;;;;;;;;;;;;;
;;;;;;;;;;;;;;;;;;;
;;;;;;;;;;;;;;;;;;;
;;;;;;;;;;;;;;;;;;;
;;;;;;;;;;;;;;;;;;;
;;;;;;;;;;;;;;;;;;;
;;;;;;;;;;;;;;;;;;;
;;;;;;;;;;;;;;;;;;;
;;;;;;;;;;;;;;;;;;;
;;;;;;;;;;;;;;;;;;;
;;;;;;;;;;;;;;;;;;;
;;;;;;;;;;;;;;;;;;;
;;;;;;;;;;;;;;;;;;;
;;;;;;;;;;;;;;;;;;;
;;;;;;;;;;;;;;;;;;;
;;;;;;;;;;;;;;;;;;;
;;;;;;;;;;;;;;;;;;;
;;;;;;;;;;;;;;;;;;;
;;;;;;;;;;;;;;;;;;;
;;;;;;;;;;;;;;;;;;;
;;;;;;;;;;;;;;;;;;;
;;;;;;;;;;;;;;;;;;;
;;;;;;;;;;;;;;;;;;;
;;;;;;;;;;;;;;;;;;;
;;;;;;;;;;;;;;;;;;;
;;;;;;;;;;;;;;;;;;;
;;;;;;;;;;;;;;;;;;;
;;;;;;;;;;;;;;;;;;;
;;;;;;;;;;;;;;;;;;;
;;;;;;;;;;;;;;;;;;;
;;;;;;;;;;;;;;;;;;;
;;;;;;;;;;;;;;;;;;;
;;;;;;;;;;;;;;;;;;;
;;;;;;;;;;;;;;;;;;;
;;;;;;;;;;;;;;;;;;;
;;;;;;;;;;;;;;;;;;;
;;;;;;;;;;;;;;;;;;;
;;;;;;;;;;;;;;;;;;;
;;;;;;;;;;;;;;;;;;;
;;;;;;;;;;;;;;;;;;;
;;;;;;;;;;;;;;;;;;;
;;;;;;;;;;;;;;;;;;;
;;;;;;;;;;;;;;;;;;;
;;;;;;;;;;;;;;;;;;;
;;;;;;;;;;;;;;;;;;;
;;;;;;;;;;;;;;;;;;;
;;;;;;;;;;;;;;;;;;;
;;;;;;;;;;;;;;;;;;;
;;;;;;;;;;;;;;;;;;;
;;;;;;;;;;;;;;;;;;;
;;;;;;;;;;;;;;;;;;;
;;;;;;;;;;;;;;;;;;;
;;;;;;;;;;;;;;;;;;;
;;;;;;;;;;;;;;;;;;;
;;;;;;;;;;;;;;;;;;;
;;;;;;;;;;;;;;;;;;;
;;;;;;;;;;;;;;;;;;;
;;;;;;;;;;;;;;;;;;;
;;;;;;;;;;;;;;;;;;;
;;;;;;;;;;;;;;;;;;;
;;;;;;;;;;;;;;;;;;;
;;;;;;;;;;;;;;;;;;;
;;;;;;;;;;;;;;;;;;;
;;;;;;;;;;;;;;;;;;;
;;;;;;;;;;;;;;;;;;;
;;;;;;;;;;;;;;;;;;;
;;;;;;;;;;;;;;;;;;;
;;;;;;;;;;;;;;;;;;;
;;;;;;;;;;;;;;;;;;;
;;;;;;;;;;;;;;;;;;;
;;;;;;;;;;;;;;;;;;;
;;;;;;;;;;;;;;;;;;;
;;;;;;;;;;;;;;;;;;;
;;;;;;;;;;;;;;;;;;;
;;;;;;;;;;;;;;;;;;;
;;;;;;;;;;;;;;;;;;;
;;;;;;;;;;;;;;;;;;;
;;;;;;;;;;;;;;;;;;;
;;;;;;;;;;;;;;;;;;;
;;;;;;;;;;;;;;;;;;;
;;;;;;;;;;;;;;;;;;;
;;;;;;;;;;;;;;;;;;;
;;;;;;;;;;;;;;;;;;;
;;;;;;;;;;;;;;;;;;;
;;;;;;;;;;;;;;;;;;;
;;;;;;;;;;;;;;;;;;;
;;;;;;;;;;;;;;;;;;;
;;;;;;;;;;;;;;;;;;;
;;;;;;;;;;;;;;;;;;;
;;;;;;;;;;;;;;;;;;;
;;;;;;;;;;;;;;;;;;;
;;;;;;;;;;;;;;;;;;;
;;;;;;;;;;;;;;;;;;;
;;;;;;;;;;;;;;;;;;;
;;;;;;;;;;;;;;;;;;;
;;;;;;;;;;;;;;;;;;;
;;;;;;;;;;;;;;;;;;;
;;;;;;;;;;;;;;;;;;;
;;;;;;;;;;;;;;;;;;;
;;;;;;;;;;;;;;;;;;;
;;;;;;;;;;;;;;;;;;;
;;;;;;;;;;;;;;;;;;;
;;;;;;;;;;;;;;;;;;;
;;;;;;;;;;;;;;;;;;;
;;;;;;;;;;;;;;;;;;;
;;;;;;;;;;;;;;;;;;;
;;;;;;;;;;;;;;;;;;;
;;;;;;;;;;;;;;;;;;;
;;;;;;;;;;;;;;;;;;;
;;;;;;;;;;;;;;;;;;;
;;;;;;;;;;;;;;;;;;;
;;;;;;;;;;;;;;;;;;;
;;;;;;;;;;;;;;;;;;;
;;;;;;;;;;;;;;;;;;;
;;;;;;;;;;;;;;;;;;;
;;;;;;;;;;;;;;;;;;;
;;;;;;;;;;;;;;;;;;;
;;;;;;;;;;;;;;;;;;;
;;;;;;;;;;;;;;;;;;;
;;;;;;;;;;;;;;;;;;;
;;;;;;;;;;;;;;;;;;;
;;;;;;;;;;;;;;;;;;;
;;;;;;;;;;;;;;;;;;;
;;;;;;;;;;;;;;;;;;;
;;;;;;;;;;;;;;;;;;;
;;;;;;;;;;;;;;;;;;;
;;;;;;;;;;;;;;;;;;;
;;;;;;;;;;;;;;;;;;;
;;;;;;;;;;;;;;;;;;;
;;;;;;;;;;;;;;;;;;;
;;;;;;;;;;;;;;;;;;;
;;;;;;;;;;;;;;;;;;;
;;;;;;;;;;;;;;;;;;;
;;;;;;;;;;;;;;;;;;;
;;;;;;;;;;;;;;;;;;;
;;;;;;;;;;;;;;;;;;;
;;;;;;;;;;;;;;;;;;;
;;;;;;;;;;;;;;;;;;;
;;;;;;;;;;;;;;;;;;;
;;;;;;;;;;;;;;;;;;;
;;;;;;;;;;;;;;;;;;;
;;;;;;;;;;;;;;;;;;;
;;;;;;;;;;;;;;;;;;;
;;;;;;;;;;;;;;;;;;;
;;;;;;;;;;;;;;;;;;;
;;;;;;;;;;;;;;;;;;;
;;;;;;;;;;;;;;;;;;;
;;;;;;;;;;;;;;;;;;;
;;;;;;;;;;;;;;;;;;;
;;;;;;;;;;;;;;;;;;;
;;;;;;;;;;;;;;;;;;;
;;;;;;;;;;;;;;;;;;;
;;;;;;;;;;;;;;;;;;;
;;;;;;;;;;;;;;;;;;;
;;;;;;;;;;;;;;;;;;;
;;;;;;;;;;;;;;;;;;;
;;;;;;;;;;;;;;;;;;;
;;;;;;;;;;;;;;;;;;;
;;;;;;;;;;;;;;;;;;;
;;;;;;;;;;;;;;;;;;;
;;;;;;;;;;;;;;;;;;;
;;;;;;;;;;;;;;;;;;;
;;;;;;;;;;;;;;;;;;;
;;;;;;;;;;;;;;;;;;;
;;;;;;;;;;;;;;;;;;;
;;;;;;;;;;;;;;;;;;;
;;;;;;;;;;;;;;;;;;;
;;;;;;;;;;;;;;;;;;;
;;;;;;;;;;;;;;;;;;;
;;;;;;;;;;;;;;;;;;;
;;;;;;;;;;;;;;;;;;;
;;;;;;;;;;;;;;;;;;;
;;;;;;;;;;;;;;;;;;;
;;;;;;;;;;;;;;;;;;;
;;;;;;;;;;;;;;;;;;;
;;;;;;;;;;;;;;;;;;;
;;;;;;;;;;;;;;;;;;;
;;;;;;;;;;;;;;;;;;;
;;;;;;;;;;;;;;;;;;;
;;;;;;;;;;;;;;;;;;;
;;;;;;;;;;;;;;;;;;;
;;;;;;;;;;;;;;;;;;;
;;;;;;;;;;;;;;;;;;;
;;;;;;;;;;;;;;;;;;;
;;;;;;;;;;;;;;;;;;;
;;;;;;;;;;;;;;;;;;;
;;;;;;;;;;;;;;;;;;;
;;;;;;;;;;;;;;;;;;;
;;;;;;;;;;;;;;;;;;;
;;;;;;;;;;;;;;;;;;;
;;;;;;;;;;;;;;;;;;;
;;;;;;;;;;;;;;;;;;;
;;;;;;;;;;;;;;;;;;;
;;;;;;;;;;;;;;;;;;;
;;;;;;;;;;;;;;;;;;;
;;;;;;;;;;;;;;;;;;;
;;;;;;;;;;;;;;;;;;;
;;;;;;;;;;;;;;;;;;;
;;;;;;;;;;;;;;;;;;;
;;;;;;;;;;;;;;;;;;;
;;;;;;;;;;;;;;;;;;;
;;;;;;;;;;;;;;;;;;;
;;;;;;;;;;;;;;;;;;;
;;;;;;;;;;;;;;;;;;;
;;;;;;;;;;;;;;;;;;;
;;;;;;;;;;;;;;;;;;;
;;;;;;;;;;;;;;;;;;;
;;;;;;;;;;;;;;;;;;;
;;;;;;;;;;;;;;;;;;;
;;;;;;;;;;;;;;;;;;;
;;;;;;;;;;;;;;;;;;;
;;;;;;;;;;;;;;;;;;;
;;;;;;;;;;;;;;;;;;;
;;;;;;;;;;;;;;;;;;;
;;;;;;;;;;;;;;;;;;;
;;;;;;;;;;;;;;;;;;;
;;;;;;;;;;;;;;;;;;;
;;;;;;;;;;;;;;;;;;;
;;;;;;;;;;;;;;;;;;;
;;;;;;;;;;;;;;;;;;;
;;;;;;;;;;;;;;;;;;;
;;;;;;;;;;;;;;;;;;;
;;;;;;;;;;;;;;;;;;;
;;;;;;;;;;;;;;;;;;;
;;;;;;;;;;;;;;;;;;;
;;;;;;;;;;;;;;;;;;;
;;;;;;;;;;;;;;;;;;;
;;;;;;;;;;;;;;;;;;;
;;;;;;;;;;;;;;;;;;;
;;;;;;;;;;;;;;;;;;;
;;;;;;;;;;;;;;;;;;;
;;;;;;;;;;;;;;;;;;;
;;;;;;;;;;;;;;;;;;;
;;;;;;;;;;;;;;;;;;;
;;;;;;;;;;;;;;;;;;;
;;;;;;;;;;;;;;;;;;;
;;;;;;;;;;;;;;;;;;;
;;;;;;;;;;;;;;;;;;;
;;;;;;;;;;;;;;;;;;;
;;;;;;;;;;;;;;;;;;;
;;;;;;;;;;;;;;;;;;;
;;;;;;;;;;;;;;;;;;;
;;;;;;;;;;;;;;;;;;;
;;;;;;;;;;;;;;;;;;;
;;;;;;;;;;;;;;;;;;;
;;;;;;;;;;;;;;;;;;;
;;;;;;;;;;;;;;;;;;;
;;;;;;;;;;;;;;;;;;;
;;;;;;;;;;;;;;;;;;;
;;;;;;;;;;;;;;;;;;;
;;;;;;;;;;;;;;;;;;;
;;;;;;;;;;;;;;;;;;;
;;;;;;;;;;;;;;;;;;;
;;;;;;;;;;;;;;;;;;;
;;;;;;;;;;;;;;;;;;;
;;;;;;;;;;;;;;;;;;;
;;;;;;;;;;;;;;;;;;;
;;;;;;;;;;;;;;;;;;;
;;;;;;;;;;;;;;;;;;;
;;;;;;;;;;;;;;;;;;;
;;;;;;;;;;;;;;;;;;;
;;;;;;;;;;;;;;;;;;;
;;;;;;;;;;;;;;;;;;;
;;;;;;;;;;;;;;;;;;;
;;;;;;;;;;;;;;;;;;;
;;;;;;;;;;;;;;;;;;;
;;;;;;;;;;;;;;;;;;;
;;;;;;;;;;;;;;;;;;;
;;;;;;;;;;;;;;;;;;;
;;;;;;;;;;;;;;;;;;;
;;;;;;;;;;;;;;;;;;;
;;;;;;;;;;;;;;;;;;;
;;;;;;;;;;;;;;;;;;;
;;;;;;;;;;;;;;;;;;;
;;;;;;;;;;;;;;;;;;;
;;;;;;;;;;;;;;;;;;;
;;;;;;;;;;;;;;;;;;;
;;;;;;;;;;;;;;;;;;;
;;;;;;;;;;;;;;;;;;;
;;;;;;;;;;;;;;;;;;;
;;;;;;;;;;;;;;;;;;;
;;;;;;;;;;;;;;;;;;;
;;;;;;;;;;;;;;;;;;;
;;;;;;;;;;;;;;;;;;;
;;;;;;;;;;;;;;;;;;;
;;;;;;;;;;;;;;;;;;;
;;;;;;;;;;;;;;;;;;;
;;;;;;;;;;;;;;;;;;;
;;;;;;;;;;;;;;;;;;;
;;;;;;;;;;;;;;;;;;;
;;;;;;;;;;;;;;;;;;;
;;;;;;;;;;;;;;;;;;;
;;;;;;;;;;;;;;;;;;;
;;;;;;;;;;;;;;;;;;;
;;;;;;;;;;;;;;;;;;;
;;;;;;;;;;;;;;;;;;;
;;;;;;;;;;;;;;;;;;;
;;;;;;;;;;;;;;;;;;;
;;;;;;;;;;;;;;;;;;;
;;;;;;;;;;;;;;;;;;;
;;;;;;;;;;;;;;;;;;;
;;;;;;;;;;;;;;;;;;;
;;;;;;;;;;;;;;;;;;;
;;;;;;;;;;;;;;;;;;;
;;;;;;;;;;;;;;;;;;;
;;;;;;;;;;;;;;;;;;;
;;;;;;;;;;;;;;;;;;;
;;;;;;;;;;;;;;;;;;;
;;;;;;;;;;;;;;;;;;;
;;;;;;;;;;;;;;;;;;;
;;;;;;;;;;;;;;;;;;;
;;;;;;;;;;;;;;;;;;;
;;;;;;;;;;;;;;;;;;;
;;;;;;;;;;;;;;;;;;;
;;;;;;;;;;;;;;;;;;;
;;;;;;;;;;;;;;;;;;;
;;;;;;;;;;;;;;;;;;;
;;;;;;;;;;;;;;;;;;;
;;;;;;;;;;;;;;;;;;;
;;;;;;;;;;;;;;;;;;;
;;;;;;;;;;;;;;;;;;;
;;;;;;;;;;;;;;;;;;;
;;;;;;;;;;;;;;;;;;;
;;;;;;;;;;;;;;;;;;;
;;;;;;;;;;;;;;;;;;;
;;;;;;;;;;;;;;;;;;;
;;;;;;;;;;;;;;;;;;;
;;;;;;;;;;;;;;;;;;;
;;;;;;;;;;;;;;;;;;;
;;;;;;;;;;;;;;;;;;;
;;;;;;;;;;;;;;;;;;;
;;;;;;;;;;;;;;;;;;;
;;;;;;;;;;;;;;;;;;;
;;;;;;;;;;;;;;;;;;;
;;;;;;;;;;;;;;;;;;;
;;;;;;;;;;;;;;;;;;;
;;;;;;;;;;;;;;;;;;;
;;;;;;;;;;;;;;;;;;;
;;;;;;;;;;;;;;;;;;;
;;;;;;;;;;;;;;;;;;;
;;;;;;;;;;;;;;;;;;;
;;;;;;;;;;;;;;;;;;;
;;;;;;;;;;;;;;;;;;;
;;;;;;;;;;;;;;;;;;;
;;;;;;;;;;;;;;;;;;;
;;;;;;;;;;;;;;;;;;;
;;;;;;;;;;;;;;;;;;;
;;;;;;;;;;;;;;;;;;;
;;;;;;;;;;;;;;;;;;;
;;;;;;;;;;;;;;;;;;;
;;;;;;;;;;;;;;;;;;;
;;;;;;;;;;;;;;;;;;;
;;;;;;;;;;;;;;;;;;;
;;;;;;;;;;;;;;;;;;;
;;;;;;;;;;;;;;;;;;;
;;;;;;;;;;;;;;;;;;;
;;;;;;;;;;;;;;;;;;;
;;;;;;;;;;;;;;;;;;;
;;;;;;;;;;;;;;;;;;;
;;;;;;;;;;;;;;;;;;;
;;;;;;;;;;;;;;;;;;;
;;;;;;;;;;;;;;;;;;;
;;;;;;;;;;;;;;;;;;;
;;;;;;;;;;;;;;;;;;;
;;;;;;;;;;;;;;;;;;;
;;;;;;;;;;;;;;;;;;;
;;;;;;;;;;;;;;;;;;;
;;;;;;;;;;;;;;;;;;;
;;;;;;;;;;;;;;;;;;;
;;;;;;;;;;;;;;;;;;;
;;;;;;;;;;;;;;;;;;;
;;;;;;;;;;;;;;;;;;;
;;;;;;;;;;;;;;;;;;;
;;;;;;;;;;;;;;;;;;;
;;;;;;;;;;;;;;;;;;;
;;;;;;;;;;;;;;;;;;;
;;;;;;;;;;;;;;;;;;;
;;;;;;;;;;;;;;;;;;;
;;;;;;;;;;;;;;;;;;;
;;;;;;;;;;;;;;;;;;;
;;;;;;;;;;;;;;;;;;;
;;;;;;;;;;;;;;;;;;;
;;;;;;;;;;;;;;;;;;;
;;;;;;;;;;;;;;;;;;;
;;;;;;;;;;;;;;;;;;;
;;;;;;;;;;;;;;;;;;;
;;;;;;;;;;;;;;;;;;;
;;;;;;;;;;;;;;;;;;;
;;;;;;;;;;;;;;;;;;;
;;;;;;;;;;;;;;;;;;;
;;;;;;;;;;;;;;;;;;;
;;;;;;;;;;;;;;;;;;;
;;;;;;;;;;;;;;;;;;;
;;;;;;;;;;;;;;;;;;;
;;;;;;;;;;;;;;;;;;;
;;;;;;;;;;;;;;;;;;;
;;;;;;;;;;;;;;;;;;;
;;;;;;;;;;;;;;;;;;;
;;;;;;;;;;;;;;;;;;;
;;;;;;;;;;;;;;;;;;;
;;;;;;;;;;;;;;;;;;;
;;;;;;;;;;;;;;;;;;;
;;;;;;;;;;;;;;;;;;;
;;;;;;;;;;;;;;;;;;;
;;;;;;;;;;;;;;;;;;;
;;;;;;;;;;;;;;;;;;;
;;;;;;;;;;;;;;;;;;;
;;;;;;;;;;;;;;;;;;;
;;;;;;;;;;;;;;;;;;;
;;;;;;;;;;;;;;;;;;;
;;;;;;;;;;;;;;;;;;;
;;;;;;;;;;;;;;;;;;;
;;;;;;;;;;;;;;;;;;;
;;;;;;;;;;;;;;;;;;;
;;;;;;;;;;;;;;;;;;;
;;;;;;;;;;;;;;;;;;;
;;;;;;;;;;;;;;;;;;;
;;;;;;;;;;;;;;;;;;;
;;;;;;;;;;;;;;;;;;;
;;;;;;;;;;;;;;;;;;;
;;;;;;;;;;;;;;;;;;;
;;;;;;;;;;;;;;;;;;;
;;;;;;;;;;;;;;;;;;;
;;;;;;;;;;;;;;;;;;;
;;;;;;;;;;;;;;;;;;;
;;;;;;;;;;;;;;;;;;;
;;;;;;;;;;;;;;;;;;;
;;;;;;;;;;;;;;;;;;;
;;;;;;;;;;;;;;;;;;;
;;;;;;;;;;;;;;;;;;;
;;;;;;;;;;;;;;;;;;;
;;;;;;;;;;;;;;;;;;;
;;;;;;;;;;;;;;;;;;;
;;;;;;;;;;;;;;;;;;;
;;;;;;;;;;;;;;;;;;;
;;;;;;;;;;;;;;;;;;;
;;;;;;;;;;;;;;;;;;;
;;;;;;;;;;;;;;;;;;;
;;;;;;;;;;;;;;;;;;;
;;;;;;;;;;;;;;;;;;;
;;;;;;;;;;;;;;;;;;;
;;;;;;;;;;;;;;;;;;;
;;;;;;;;;;;;;;;;;;;
;;;;;;;;;;;;;;;;;;;
;;;;;;;;;;;;;;;;;;;
;;;;;;;;;;;;;;;;;;;
;;;;;;;;;;;;;;;;;;;
;;;;;;;;;;;;;;;;;;;
;;;;;;;;;;;;;;;;;;;
;;;;;;;;;;;;;;;;;;;
;;;;;;;;;;;;;;;;;;;
;;;;;;;;;;;;;;;;;;;
;;;;;;;;;;;;;;;;;;;
;;;;;;;;;;;;;;;;;;;
;;;;;;;;;;;;;;;;;;;
;;;;;;;;;;;;;;;;;;;
;;;;;;;;;;;;;;;;;;;
;;;;;;;;;;;;;;;;;;;
;;;;;;;;;;;;;;;;;;;
;;;;;;;;;;;;;;;;;;;
;;;;;;;;;;;;;;;;;;;
;;;;;;;;;;;;;;;;;;;
;;;;;;;;;;;;;;;;;;;
;;;;;;;;;;;;;;;;;;;
;;;;;;;;;;;;;;;;;;;
;;;;;;;;;;;;;;;;;;;
;;;;;;;;;;;;;;;;;;;
;;;;;;;;;;;;;;;;;;;
;;;;;;;;;;;;;;;;;;;
;;;;;;;;;;;;;;;;;;;
;;;;;;;;;;;;;;;;;;;
;;;;;;;;;;;;;;;;;;;
;;;;;;;;;;;;;;;;;;;
;;;;;;;;;;;;;;;;;;;
;;;;;;;;;;;;;;;;;;;
;;;;;;;;;;;;;;;;;;;
;;;;;;;;;;;;;;;;;;;
;;;;;;;;;;;;;;;;;;;
;;;;;;;;;;;;;;;;;;;
;;;;;;;;;;;;;;;;;;;
;;;;;;;;;;;;;;;;;;;
;;;;;;;;;;;;;;;;;;;
;;;;;;;;;;;;;;;;;;;
;;;;;;;;;;;;;;;;;;;
;;;;;;;;;;;;;;;;;;;
;;;;;;;;;;;;;;;;;;;
;;;;;;;;;;;;;;;;;;;
;;;;;;;;;;;;;;;;;;;
;;;;;;;;;;;;;;;;;;;
;;;;;;;;;;;;;;;;;;;
;;;;;;;;;;;;;;;;;;;
;;;;;;;;;;;;;;;;;;;
;;;;;;;;;;;;;;;;;;;
;;;;;;;;;;;;;;;;;;;
;;;;;;;;;;;;;;;;;;;
;;;;;;;;;;;;;;;;;;;
;;;;;;;;;;;;;;;;;;;
;;;;;;;;;;;;;;;;;;;
;;;;;;;;;;;;;;;;;;;
;;;;;;;;;;;;;;;;;;;
;;;;;;;;;;;;;;;;;;;
;;;;;;;;;;;;;;;;;;;
;;;;;;;;;;;;;;;;;;;
;;;;;;;;;;;;;;;;;;;
;;;;;;;;;;;;;;;;;;;
;;;;;;;;;;;;;;;;;;;
;;;;;;;;;;;;;;;;;;;
;;;;;;;;;;;;;;;;;;;
;;;;;;;;;;;;;;;;;;;
;;;;;;;;;;;;;;;;;;;
;;;;;;;;;;;;;;;;;;;
;;;;;;;;;;;;;;;;;;;
;;;;;;;;;;;;;;;;;;;
;;;;;;;;;;;;;;;;;;;
;;;;;;;;;;;;;;;;;;;
;;;;;;;;;;;;;;;;;;;
;;;;;;;;;;;;;;;;;;;
;;;;;;;;;;;;;;;;;;;
;;;;;;;;;;;;;;;;;;;
;;;;;;;;;;;;;;;;;;;
;;;;;;;;;;;;;;;;;;;
;;;;;;;;;;;;;;;;;;;
;;;;;;;;;;;;;;;;;;;
;;;;;;;;;;;;;;;;;;;
;;;;;;;;;;;;;;;;;;;
;;;;;;;;;;;;;;;;;;;
;;;;;;;;;;;;;;;;;;;
;;;;;;;;;;;;;;;;;;;
;;;;;;;;;;;;;;;;;;;
;;;;;;;;;;;;;;;;;;;
;;;;;;;;;;;;;;;;;;;
;;;;;;;;;;;;;;;;;;;
;;;;;;;;;;;;;;;;;;;
;;;;;;;;;;;;;;;;;;;
;;;;;;;;;;;;;;;;;;;
;;;;;;;;;;;;;;;;;;;
;;;;;;;;;;;;;;;;;;;
;;;;;;;;;;;;;;;;;;;
;;;;;;;;;;;;;;;;;;;
;;;;;;;;;;;;;;;;;;;
;;;;;;;;;;;;;;;;;;;
;;;;;;;;;;;;;;;;;;;
;;;;;;;;;;;;;;;;;;;
;;;;;;;;;;;;;;;;;;;
;;;;;;;;;;;;;;;;;;;
;;;;;;;;;;;;;;;;;;;
;;;;;;;;;;;;;;;;;;;
;;;;;;;;;;;;;;;;;;;
;;;;;;;;;;;;;;;;;;;
;;;;;;;;;;;;;;;;;;;
;;;;;;;;;;;;;;;;;;;
;;;;;;;;;;;;;;;;;;;
;;;;;;;;;;;;;;;;;;;
;;;;;;;;;;;;;;;;;;;
;;;;;;;;;;;;;;;;;;;
;;;;;;;;;;;;;;;;;;;
;;;;;;;;;;;;;;;;;;;
;;;;;;;;;;;;;;;;;;;
;;;;;;;;;;;;;;;;;;;
;;;;;;;;;;;;;;;;;;;
;;;;;;;;;;;;;;;;;;;
;;;;;;;;;;;;;;;;;;;
;;;;;;;;;;;;;;;;;;;
;;;;;;;;;;;;;;;;;;;
;;;;;;;;;;;;;;;;;;;
;;;;;;;;;;;;;;;;;;;
;;;;;;;;;;;;;;;;;;;
;;;;;;;;;;;;;;;;;;;
;;;;;;;;;;;;;;;;;;;
;;;;;;;;;;;;;;;;;;;
;;;;;;;;;;;;;;;;;;;
;;;;;;;;;;;;;;;;;;;
;;;;;;;;;;;;;;;;;;;
;;;;;;;;;;;;;;;;;;;
;;;;;;;;;;;;;;;;;;;
;;;;;;;;;;;;;;;;;;;
;;;;;;;;;;;;;;;;;;;
;;;;;;;;;;;;;;;;;;;
;;;;;;;;;;;;;;;;;;;
;;;;;;;;;;;;;;;;;;;
;;;;;;;;;;;;;;;;;;;
;;;;;;;;;;;;;;;;;;;
;;;;;;;;;;;;;;;;;;;
;;;;;;;;;;;;;;;;;;;
;;;;;;;;;;;;;;;;;;;
;;;;;;;;;;;;;;;;;;;
;;;;;;;;;;;;;;;;;;;
;;;;;;;;;;;;;;;;;;;
;;;;;;;;;;;;;;;;;;;
;;;;;;;;;;;;;;;;;;;
;;;;;;;;;;;;;;;;;;;
;;;;;;;;;;;;;;;;;;;
;;;;;;;;;;;;;;;;;;;
;;;;;;;;;;;;;;;;;;;
;;;;;;;;;;;;;;;;;;;
;;;;;;;;;;;;;;;;;;;
;;;;;;;;;;;;;;;;;;;
;;;;;;;;;;;;;;;;;;;
;;;;;;;;;;;;;;;;;;;
;;;;;;;;;;;;;;;;;;;
;;;;;;;;;;;;;;;;;;;
;;;;;;;;;;;;;;;;;;;
;;;;;;;;;;;;;;;;;;;
;;;;;;;;;;;;;;;;;;;
;;;;;;;;;;;;;;;;;;;
;;;;;;;;;;;;;;;;;;;
;;;;;;;;;;;;;;;;;;;
;;;;;;;;;;;;;;;;;;;
;;;;;;;;;;;;;;;;;;;
;;;;;;;;;;;;;;;;;;;
;;;;;;;;;;;;;;;;;;;
;;;;;;;;;;;;;;;;;;;
;;;;;;;;;;;;;;;;;;;
;;;;;;;;;;;;;;;;;;;
;;;;;;;;;;;;;;;;;;;
;;;;;;;;;;;;;;;;;;;
;;;;;;;;;;;;;;;;;;;
;;;;;;;;;;;;;;;;;;;
;;;;;;;;;;;;;;;;;;;
;;;;;;;;;;;;;;;;;;;
;;;;;;;;;;;;;;;;;;;
;;;;;;;;;;;;;;;;;;;
;;;;;;;;;;;;;;;;;;;
;;;;;;;;;;;;;;;;;;;
;;;;;;;;;;;;;;;;;;;
;;;;;;;;;;;;;;;;;;;
;;;;;;;;;;;;;;;;;;;
;;;;;;;;;;;;;;;;;;;
;;;;;;;;;;;;;;;;;;;
;;;;;;;;;;;;;;;;;;;
;;;;;;;;;;;;;;;;;;;
;;;;;;;;;;;;;;;;;;;
;;;;;;;;;;;;;;;;;;;
;;;;;;;;;;;;;;;;;;;
;;;;;;;;;;;;;;;;;;;
;;;;;;;;;;;;;;;;;;;
;;;;;;;;;;;;;;;;;;;
;;;;;;;;;;;;;;;;;;;
;;;;;;;;;;;;;;;;;;;
;;;;;;;;;;;;;;;;;;;
;;;;;;;;;;;;;;;;;;;
;;;;;;;;;;;;;;;;;;;
;;;;;;;;;;;;;;;;;;;
;;;;;;;;;;;;;;;;;;;
;;;;;;;;;;;;;;;;;;;
;;;;;;;;;;;;;;;;;;;
;;;;;;;;;;;;;;;;;;;
;;;;;;;;;;;;;;;;;;;
;;;;;;;;;;;;;;;;;;;
;;;;;;;;;;;;;;;;;;;
;;;;;;;;;;;;;;;;;;;
;;;;;;;;;;;;;;;;;;;
;;;;;;;;;;;;;;;;;;;
;;;;;;;;;;;;;;;;;;;
;;;;;;;;;;;;;;;;;;;
;;;;;;;;;;;;;;;;;;;
;;;;;;;;;;;;;;;;;;;
;;;;;;;;;;;;;;;;;;;
;;;;;;;;;;;;;;;;;;;
;;;;;;;;;;;;;;;;;;;
;;;;;;;;;;;;;;;;;;;
;;;;;;;;;;;;;;;;;;;
;;;;;;;;;;;;;;;;;;;
;;;;;;;;;;;;;;;;;;;
;;;;;;;;;;;;;;;;;;;
;;;;;;;;;;;;;;;;;;;
;;;;;;;;;;;;;;;;;;;
;;;;;;;;;;;;;;;;;;;
;;;;;;;;;;;;;;;;;;;
;;;;;;;;;;;;;;;;;;;
;;;;;;;;;;;;;;;;;;;
;;;;;;;;;;;;;;;;;;;
;;;;;;;;;;;;;;;;;;;
;;;;;;;;;;;;;;;;;;;
;;;;;;;;;;;;;;;;;;;
;;;;;;;;;;;;;;;;;;;
;;;;;;;;;;;;;;;;;;;
;;;;;;;;;;;;;;;;;;;
;;;;;;;;;;;;;;;;;;;
;;;;;;;;;;;;;;;;;;;
;;;;;;;;;;;;;;;;;;;
;;;;;;;;;;;;;;;;;;;
;;;;;;;;;;;;;;;;;;;
;;;;;;;;;;;;;;;;;;;
;;;;;;;;;;;;;;;;;;;
;;;;;;;;;;;;;;;;;;;
;;;;;;;;;;;;;;;;;;;
;;;;;;;;;;;;;;;;;;;
;;;;;;;;;;;;;;;;;;;
;;;;;;;;;;;;;;;;;;;
;;;;;;;;;;;;;;;;;;;
;;;;;;;;;;;;;;;;;;;
;;;;;;;;;;;;;;;;;;;
;;;;;;;;;;;;;;;;;;;
;;;;;;;;;;;;;;;;;;;
;;;;;;;;;;;;;;;;;;;
;;;;;;;;;;;;;;;;;;;
;;;;;;;;;;;;;;;;;;;
;;;;;;;;;;;;;;;;;;;
;;;;;;;;;;;;;;;;;;;
;;;;;;;;;;;;;;;;;;;
;;;;;;;;;;;;;;;;;;;
;;;;;;;;;;;;;;;;;;;
;;;;;;;;;;;;;;;;;;;
;;;;;;;;;;;;;;;;;;;
;;;;;;;;;;;;;;;;;;;
;;;;;;;;;;;;;;;;;;;
;;;;;;;;;;;;;;;;;;;
;;;;;;;;;;;;;;;;;;;
;;;;;;;;;;;;;;;;;;;
;;;;;;;;;;;;;;;;;;;
;;;;;;;;;;;;;;;;;;;
;;;;;;;;;;;;;;;;;;;
;;;;;;;;;;;;;;;;;;;
;;;;;;;;;;;;;;;;;;;
;;;;;;;;;;;;;;;;;;;
;;;;;;;;;;;;;;;;;;;
;;;;;;;;;;;;;;;;;;;
;;;;;;;;;;;;;;;;;;;
;;;;;;;;;;;;;;;;;;;
;;;;;;;;;;;;;;;;;;;
;;;;;;;;;;;;;;;;;;;
;;;;;;;;;;;;;;;;;;;
;;;;;;;;;;;;;;;;;;;
;;;;;;;;;;;;;;;;;;;
;;;;;;;;;;;;;;;;;;;
;;;;;;;;;;;;;;;;;;;
;;;;;;;;;;;;;;;;;;;
;;;;;;;;;;;;;;;;;;;
;;;;;;;;;;;;;;;;;;;
;;;;;;;;;;;;;;;;;;;
;;;;;;;;;;;;;;;;;;;
;;;;;;;;;;;;;;;;;;;
;;;;;;;;;;;;;;;;;;;
;;;;;;;;;;;;;;;;;;;
;;;;;;;;;;;;;;;;;;;
;;;;;;;;;;;;;;;;;;;
;;;;;;;;;;;;;;;;;;;
;;;;;;;;;;;;;;;;;;;
;;;;;;;;;;;;;;;;;;;
;;;;;;;;;;;;;;;;;;;
;;;;;;;;;;;;;;;;;;;
;;;;;;;;;;;;;;;;;;;
;;;;;;;;;;;;;;;;;;;
;;;;;;;;;;;;;;;;;;;
;;;;;;;;;;;;;;;;;;;
;;;;;;;;;;;;;;;;;;;
;;;;;;;;;;;;;;;;;;;
;;;;;;;;;;;;;;;;;;;
;;;;;;;;;;;;;;;;;;;
;;;;;;;;;;;;;;;;;;;
;;;;;;;;;;;;;;;;;;;
;;;;;;;;;;;;;;;;;;;
;;;;;;;;;;;;;;;;;;;
;;;;;;;;;;;;;;;;;;;
;;;;;;;;;;;;;;;;;;;
;;;;;;;;;;;;;;;;;;;
;;;;;;;;;;;;;;;;;;;
;;;;;;;;;;;;;;;;;;;
;;;;;;;;;;;;;;;;;;;
;;;;;;;;;;;;;;;;;;;
;;;;;;;;;;;;;;;;;;;
;;;;;;;;;;;;;;;;;;;
;;;;;;;;;;;;;;;;;;;
;;;;;;;;;;;;;;;;;;;
;;;;;;;;;;;;;;;;;;;
;;;;;;;;;;;;;;;;;;;
;;;;;;;;;;;;;;;;;;;
;;;;;;;;;;;;;;;;;;;
;;;;;;;;;;;;;;;;;;;
;;;;;;;;;;;;;;;;;;;
;;;;;;;;;;;;;;;;;;;
;;;;;;;;;;;;;;;;;;;
;;;;;;;;;;;;;;;;;;;
;;;;;;;;;;;;;;;;;;;
;;;;;;;;;;;;;;;;;;;
;;;;;;;;;;;;;;;;;;;
;;;;;;;;;;;;;;;;;;;
;;;;;;;;;;;;;;;;;;;
;;;;;;;;;;;;;;;;;;;
;;;;;;;;;;;;;;;;;;;
;;;;;;;;;;;;;;;;;;;
;;;;;;;;;;;;;;;;;;;
;;;;;;;;;;;;;;;;;;;
;;;;;;;;;;;;;;;;;;;
;;;;;;;;;;;;;;;;;;;
;;;;;;;;;;;;;;;;;;;
;;;;;;;;;;;;;;;;;;;
;;;;;;;;;;;;;;;;;;;
;;;;;;;;;;;;;;;;;;;
;;;;;;;;;;;;;;;;;;;
;;;;;;;;;;;;;;;;;;;
;;;;;;;;;;;;;;;;;;;
;;;;;;;;;;;;;;;;;;;
;;;;;;;;;;;;;;;;;;;
;;;;;;;;;;;;;;;;;;;
;;;;;;;;;;;;;;;;;;;
;;;;;;;;;;;;;;;;;;;
;;;;;;;;;;;;;;;;;;;
;;;;;;;;;;;;;;;;;;;
;;;;;;;;;;;;;;;;;;;
;;;;;;;;;;;;;;;;;;;
;;;;;;;;;;;;;;;;;;;
;;;;;;;;;;;;;;;;;;;
;;;;;;;;;;;;;;;;;;;
;;;;;;;;;;;;;;;;;;;
;;;;;;;;;;;;;;;;;;;
;;;;;;;;;;;;;;;;;;;
;;;;;;;;;;;;;;;;;;;
;;;;;;;;;;;;;;;;;;;
;;;;;;;;;;;;;;;;;;;
;;;;;;;;;;;;;;;;;;;
;;;;;;;;;;;;;;;;;;;
;;;;;;;;;;;;;;;;;;;
;;;;;;;;;;;;;;;;;;;
;;;;;;;;;;;;;;;;;;;
;;;;;;;;;;;;;;;;;;;
;;;;;;;;;;;;;;;;;;;
;;;;;;;;;;;;;;;;;;;
;;;;;;;;;;;;;;;;;;;
;;;;;;;;;;;;;;;;;;;
;;;;;;;;;;;;;;;;;;;
;;;;;;;;;;;;;;;;;;;
;;;;;;;;;;;;;;;;;;;
;;;;;;;;;;;;;;;;;;;
;;;;;;;;;;;;;;;;;;;
;;;;;;;;;;;;;;;;;;;
;;;;;;;;;;;;;;;;;;;
;;;;;;;;;;;;;;;;;;;
;;;;;;;;;;;;;;;;;;;
;;;;;;;;;;;;;;;;;;;
;;;;;;;;;;;;;;;;;;;
;;;;;;;;;;;;;;;;;;;
;;;;;;;;;;;;;;;;;;;
;;;;;;;;;;;;;;;;;;;
;;;;;;;;;;;;;;;;;;;
;;;;;;;;;;;;;;;;;;;
;;;;;;;;;;;;;;;;;;;
;;;;;;;;;;;;;;;;;;;
;;;;;;;;;;;;;;;;;;;
;;;;;;;;;;;;;;;;;;;
;;;;;;;;;;;;;;;;;;;
;;;;;;;;;;;;;;;;;;;
;;;;;;;;;;;;;;;;;;;
;;;;;;;;;;;;;;;;;;;
;;;;;;;;;;;;;;;;;;;
;;;;;;;;;;;;;;;;;;;
;;;;;;;;;;;;;;;;;;;
;;;;;;;;;;;;;;;;;;;
;;;;;;;;;;;;;;;;;;;
;;;;;;;;;;;;;;;;;;;
;;;;;;;;;;;;;;;;;;;
;;;;;;;;;;;;;;;;;;;
;;;;;;;;;;;;;;;;;;;
;;;;;;;;;;;;;;;;;;;
;;;;;;;;;;;;;;;;;;;
;;;;;;;;;;;;;;;;;;;
;;;;;;;;;;;;;;;;;;;
;;;;;;;;;;;;;;;;;;;
;;;;;;;;;;;;;;;;;;;
;;;;;;;;;;;;;;;;;;;
;;;;;;;;;;;;;;;;;;;
;;;;;;;;;;;;;;;;;;;
;;;;;;;;;;;;;;;;;;;
;;;;;;;;;;;;;;;;;;;
;;;;;;;;;;;;;;;;;;;
;;;;;;;;;;;;;;;;;;;
;;;;;;;;;;;;;;;;;;;
;;;;;;;;;;;;;;;;;;;
;;;;;;;;;;;;;;;;;;;
;;;;;;;;;;;;;;;;;;;
;;;;;;;;;;;;;;;;;;;
;;;;;;;;;;;;;;;;;;;
;;;;;;;;;;;;;;;;;;;
;;;;;;;;;;;;;;;;;;;
;;;;;;;;;;;;;;;;;;;
;;;;;;;;;;;;;;;;;;;
;;;;;;;;;;;;;;;;;;;
;;;;;;;;;;;;;;;;;;;
;;;;;;;;;;;;;;;;;;;
;;;;;;;;;;;;;;;;;;;
;;;;;;;;;;;;;;;;;;;
;;;;;;;;;;;;;;;;;;;
;;;;;;;;;;;;;;;;;;;
;;;;;;;;;;;;;;;;;;;
;;;;;;;;;;;;;;;;;;;
;;;;;;;;;;;;;;;;;;;
;;;;;;;;;;;;;;;;;;;
;;;;;;;;;;;;;;;;;;;
;;;;;;;;;;;;;;;;;;;
;;;;;;;;;;;;;;;;;;;
;;;;;;;;;;;;;;;;;;;
;;;;;;;;;;;;;;;;;;;
;;;;;;;;;;;;;;;;;;;
;;;;;;;;;;;;;;;;;;;
;;;;;;;;;;;;;;;;;;;
;;;;;;;;;;;;;;;;;;;
;;;;;;;;;;;;;;;;;;;
;;;;;;;;;;;;;;;;;;;
;;;;;;;;;;;;;;;;;;;
;;;;;;;;;;;;;;;;;;;
;;;;;;;;;;;;;;;;;;;
;;;;;;;;;;;;;;;;;;;
;;;;;;;;;;;;;;;;;;;
;;;;;;;;;;;;;;;;;;;
;;;;;;;;;;;;;;;;;;;
;;;;;;;;;;;;;;;;;;;
;;;;;;;;;;;;;;;;;;;
;;;;;;;;;;;;;;;;;;;
;;;;;;;;;;;;;;;;;;;
;;;;;;;;;;;;;;;;;;;
;;;;;;;;;;;;;;;;;;;
;;;;;;;;;;;;;;;;;;;
;;;;;;;;;;;;;;;;;;;
;;;;;;;;;;;;;;;;;;;
;;;;;;;;;;;;;;;;;;;
;;;;;;;;;;;;;;;;;;;
;;;;;;;;;;;;;;;;;;;
;;;;;;;;;;;;;;;;;;;
;;;;;;;;;;;;;;;;;;;
;;;;;;;;;;;;;;;;;;;
;;;;;;;;;;;;;;;;;;;
;;;;;;;;;;;;;;;;;;;
;;;;;;;;;;;;;;;;;;;
;;;;;;;;;;;;;;;;;;;
;;;;;;;;;;;;;;;;;;;
;;;;;;;;;;;;;;;;;;;
;;;;;;;;;;;;;;;;;;;
;;;;;;;;;;;;;;;;;;;
;;;;;;;;;;;;;;;;;;;
;;;;;;;;;;;;;;;;;;;
;;;;;;;;;;;;;;;;;;;
;;;;;;;;;;;;;;;;;;;
;;;;;;;;;;;;;;;;;;;
;;;;;;;;;;;;;;;;;;;
;;;;;;;;;;;;;;;;;;;
;;;;;;;;;;;;;;;;;;;
;;;;;;;;;;;;;;;;;;;
;;;;;;;;;;;;;;;;;;;
;;;;;;;;;;;;;;;;;;;
;;;;;;;;;;;;;;;;;;;
;;;;;;;;;;;;;;;;;;;
;;;;;;;;;;;;;;;;;;;
;;;;;;;;;;;;;;;;;;;
;;;;;;;;;;;;;;;;;;;
;;;;;;;;;;;;;;;;;;;
;;;;;;;;;;;;;;;;;;;
;;;;;;;;;;;;;;;;;;;
;;;;;;;;;;;;;;;;;;;
;;;;;;;;;;;;;;;;;;;
;;;;;;;;;;;;;;;;;;;
;;;;;;;;;;;;;;;;;;;
;;;;;;;;;;;;;;;;;;;
;;;;;;;;;;;;;;;;;;;
;;;;;;;;;;;;;;;;;;;
;;;;;;;;;;;;;;;;;;;
