Id_Team;Code_Match;Date;Basket;Bounce;Point
1026;22631;5/10/2023;37;42;99
1017;22632;7/10/2023;39;46;104
1023;22633;7/10/2023;40;54;108
1006;22634;8/10/2023;41;47;102
1024;22635;8/10/2023;50;50;130
1004;22636;8/10/2023;39;48;106
1025;22637;8/10/2023;37;34;99
1009;22638;8/10/2023;48;56;122
1020;22639;8/10/2023;37;51;101
1001;22640;9/10/2023;43;50;107
1030;22641;9/10/2023;51;48;121
1002;22642;9/10/2023;48;44;126
1012;22643;10/10/2023;42;52;109
1007;22644;10/10/2023;43;40;107
1014;22645;10/10/2023;48;53;122
1010;22646;10/10/2023;41;56;102
1009;22647;10/10/2023;41;46;103
1016;22648;10/10/2023;43;37;115
1020;22649;10/10/2023;38;48;98
1001;22650;11/10/2023;44;47;112
1025;22651;11/10/2023;37;45;101
1008;22652;12/10/2023;54;50;128
1014;22653;12/10/2023;40;39;108
1012;22654;12/10/2023;33;66;92
1028;22655;12/10/2023;41;51;102
1027;22656;12/10/2023;44;48;120
1016;22657;12/10/2023;51;39;124
1024;22658;12/10/2023;48;44;122
1013;22659;13/10/2023;39;50;104
1021;22660;13/10/2023;43;43;129
1029;22661;14/10/2023;35;36;105
1017;22662;14/10/2023;51;41;121
1019;22663;14/10/2023;61;38;133
1018;22664;15/10/2023;43;46;115
1028;22665;15/10/2023;51;36;124
1010;22666;15/10/2023;40;54;108
1006;22667;15/10/2023;41;43;102
1021;22668;15/10/2023;51;53;121
1011;22669;16/10/2023;44;45;112
1004;22670;16/10/2023;54;46;127
1027;22671;16/10/2023;37;51;99
1019;22672;16/10/2023;39;45;106
1029;22673;17/10/2023;39;47;104
1003;22674;17/10/2023;55;42;110
1010;22675;17/10/2023;37;40;101
1005;22676;17/10/2023;39;43;106
1016;22677;17/10/2023;41;40;103
1015;22678;18/10/2023;51;47;131
1002;22679;18/10/2023;43;43;107
1027;22680;18/10/2023;41;50;103
1025;22681;18/10/2023;43;40;115
1001;22682;19/10/2023;54;55;127
1008;22683;19/10/2023;45;48;118
1017;22684;19/10/2023;46;42;114
1020;22685;19/10/2023;43;52;113
1016;22686;19/10/2023;41;47;103
1024;22687;19/10/2023;51;50;123
1011;22688;20/10/2023;39;44;106
1007;22689;20/10/2023;39;38;104
1015;22690;20/10/2023;38;42;98
1028;22691;20/10/2023;43;45;116
1013;22692;20/10/2023;39;39;104
1008;22693;20/10/2023;39;58;104
1030;22694;20/10/2023;48;43;122
1023;22695;24/10/2023;43;44;107
1024;22696;24/10/2023;40;60;108
1027;22697;25/10/2023;29;31;86
1001;22698;25/10/2023;40;46;108
1015;22699;25/10/2023;44;45;120
1011;22700;25/10/2023;55;42;110
1017;22701;25/10/2023;34;62;94
1008;22702;25/10/2023;41;56;102
1007;22703;25/10/2023;46;38;114
1029;22704;25/10/2023;45;52;111
1018;22705;25/10/2023;51;43;124
1025;22706;25/10/2023;50;45;130
1026;22707;25/10/2023;48;48;126
1019;22708;25/10/2023;45;40;111
1004;22709;26/10/2023;43;39;117
1024;22710;26/10/2023;32;49;95
1016;22711;27/10/2023;40;39;108
1008;22712;27/10/2023;45;53;111
1018;22713;27/10/2023;40;47;108
1013;22714;27/10/2023;45;45;111
1003;22715;27/10/2023;48;45;126
1027;22716;27/10/2023;48;43;122
1005;22717;27/10/2023;41;53;103
1002;22718;27/10/2023;44;47;120
1022;22719;27/10/2023;45;36;118
1021;22720;27/10/2023;48;39;122
1014;22721;27/10/2023;41;45;102
1003;22722;28/10/2023;29;59;87
1028;22723;28/10/2023;39;45;106
1006;22724;28/10/2023;41;33;102
1004;22725;28/10/2023;46;42;114
1009;22726;28/10/2023;51;48;125
1013;22727;28/10/2023;30;42;90
1020;22728;28/10/2023;39;45;104
1016;22729;29/10/2023;54;48;128
1011;22730;29/10/2023;54;46;127
1021;22731;29/10/2023;39;49;106
1019;22732;29/10/2023;38;42;98
1023;22733;29/10/2023;54;53;127
1030;22734;29/10/2023;31;37;83
1001;22735;30/10/2023;48;51;126
1006;22736;30/10/2023;44;44;112
1002;22737;30/10/2023;61;46;133
1019;22738;30/10/2023;37;51;99
1017;22739;30/10/2023;43;38;113
1008;22740;30/10/2023;44;41;112
1021;22741;30/10/2023;50;64;130
1013;22742;30/10/2023;46;40;114
1026;22743;30/10/2023;51;48;125
1020;22744;30/10/2023;41;51;102
1014;22745;30/10/2023;41;44;103
1003;22746;31/10/2023;42;48;109
1030;22747;31/10/2023;43;37;115
1014;22748;31/10/2023;41;40;102
1010;22749;1/11/2023;45;29;111
1019;22750;1/11/2023;55;44;110
1029;22751;1/11/2023;55;58;110
1007;22752;1/11/2023;32;46;95
1002;22753;1/11/2023;42;47;109
1009;22754;1/11/2023;39;31;104
1015;22755;1/11/2023;51;35;121
1016;22756;1/11/2023;31;43;89
1012;22757;1/11/2023;43;44;119
1006;22758;1/11/2023;35;43;105
1028;22759;1/11/2023;42;47;109
1022;22760;1/11/2023;51;46;125
1025;22761;1/11/2023;37;48;101
1005;22762;2/11/2023;37;41;99
1008;22763;2/11/2023;43;48;116
1014;22764;2/11/2023;43;43;115
1030;22765;2/11/2023;44;41;132
1007;22766;3/11/2023;43;35;116
1003;22767;3/11/2023;35;56;105
1021;22768;3/11/2023;60;38;141
1002;22769;3/11/2023;42;39;109
1015;22770;3/11/2023;46;30;114
1028;22771;3/11/2023;43;48;113
1026;22772;3/11/2023;46;34;114
1024;22773;4/11/2023;40;42;100
1011;22774;4/11/2023;51;52;123
1023;22775;4/11/2023;37;40;101
1012;22776;4/11/2023;51;41;125
1020;22777;4/11/2023;32;39;95
1025;22778;4/11/2023;31;43;89
1001;22779;4/11/2023;51;50;124
1006;22780;4/11/2023;37;37;101
1024;22781;5/11/2023;44;43;120
1005;22782;5/11/2023;51;47;123
1021;22783;5/11/2023;39;44;104
1012;22784;5/11/2023;45;43;118
1028;22785;5/11/2023;44;49;112
1015;22786;6/11/2023;54;38;128
1026;22787;6/11/2023;43;31;117
1030;22788;6/11/2023;45;36;111
1021;22789;6/11/2023;44;44;120
1022;22790;6/11/2023;37;31;97
1023;22791;6/11/2023;43;38;107
1010;22792;6/11/2023;43;48;129
1011;22793;6/11/2023;43;31;117
1001;22794;6/11/2023;42;45;109
1025;22795;6/11/2023;37;34;97
1020;22796;6/11/2023;43;52;113
1029;22797;6/11/2023;43;38;116
1001;22798;8/11/2023;41;43;103
1020;22799;8/11/2023;45;47;118
1015;22800;8/11/2023;44;40;132
1030;22801;8/11/2023;35;46;105
1022;22802;8/11/2023;32;51;93
1007;22803;8/11/2023;44;41;120
1029;22804;8/11/2023;37;40;101
1008;22805;8/11/2023;45;53;118
1013;22806;8/11/2023;40;44;108
1023;22807;8/11/2023;34;34;94
1024;22808;8/11/2023;43;54;116
1005;22809;8/11/2023;54;50;127
1019;22810;8/11/2023;45;36;118
1021;22811;8/11/2023;35;49;105
1010;22812;9/11/2023;51;41;124
1011;22813;9/11/2023;44;36;120
1012;22814;10/11/2023;51;67;124
1004;22815;10/11/2023;46;46;114
1002;22816;10/11/2023;43;46;107
1017;22817;10/11/2023;43;51;117
1020;22818;10/11/2023;54;38;127
1029;22819;10/11/2023;37;49;101
1022;22820;10/11/2023;48;47;126
1018;22821;10/11/2023;38;38;98
1023;22822;10/11/2023;48;43;122
1010;22823;11/11/2023;37;36;97
1005;22824;11/11/2023;34;37;94
1013;22825;11/11/2023;43;39;117
1007;22826;11/11/2023;45;45;118
1012;22827;12/11/2023;43;36;107
1015;22828;12/11/2023;34;42;94
1028;22829;12/11/2023;35;41;105
1009;22830;12/11/2023;48;32;126
1013;22831;12/11/2023;45;41;118
1026;22832;12/11/2023;58;42;136
1016;22833;12/11/2023;39;49;104
1008;22834;12/11/2023;40;49;108
1018;22835;12/11/2023;45;33;111
1017;22836;12/11/2023;43;47;116
1019;22837;12/11/2023;55;38;110
1015;22838;13/11/2023;43;38;107
1003;22839;13/11/2023;38;37;98
1006;22840;13/11/2023;42;47;109
1007;22841;13/11/2023;44;39;120
1013;22842;14/11/2023;44;41;132
1030;22843;14/11/2023;48;41;126
1014;22844;14/11/2023;45;42;111
1026;22845;14/11/2023;29;43;87
1019;22846;14/11/2023;39;37;104
1017;22847;14/11/2023;55;45;110
1022;22848;14/11/2023;37;43;99
1017;22849;14/11/2023;39;42;104
1022;22850;14/11/2023;40;42;108
1028;22851;14/11/2023;43;33;107
1026;22852;15/11/2023;50;46;130
1010;22853;15/11/2023;54;41;128
1001;22854;15/11/2023;43;45;117
1003;22855;15/11/2023;43;42;116
1014;22856;15/11/2023;34;46;96
1017;22857;15/11/2023;43;40;115
1007;22858;15/11/2023;42;47;109
1025;22859;15/11/2023;51;45;125
1002;22860;16/11/2023;43;40;115
1018;22861;16/11/2023;54;42;128
1003;22862;17/11/2023;44;48;120
1010;22863;17/11/2023;50;49;130
1025;22864;17/11/2023;43;42;129
1001;22865;17/11/2023;40;44;108
1008;22866;17/11/2023;40;51;100
1004;22867;17/11/2023;48;43;126
1016;22868;17/11/2023;55;51;110
1014;22869;17/11/2023;41;46;103
1023;22870;17/11/2023;43;44;107
1024;22871;17/11/2023;51;36;131
1027;22872;17/11/2023;40;47;100
1003;22873;18/11/2023;48;47;122
1017;22874;18/11/2023;51;33;121
1028;22875;18/11/2023;44;45;120
1026;22876;18/11/2023;51;49;125
1013;22877;18/11/2023;37;34;97
1018;22878;18/11/2023;50;47;130
1004;22879;19/11/2023;51;44;121
1008;22880;19/11/2023;43;41;113
1014;22881;19/11/2023;54;42;128
1016;22882;19/11/2023;42;33;109
1025;22883;19/11/2023;43;48;129
1024;22884;19/11/2023;55;44;140
1001;22885;19/11/2023;41;45;102
1018;22886;19/11/2023;61;43;134
1027;22887;19/11/2023;39;34;104
1010;22888;20/11/2023;60;55;142
1016;22889;20/11/2023;43;43;107
1001;22890;20/11/2023;45;48;118
1022;22891;20/11/2023;51;51;124
1025;22892;20/11/2023;32;36;93
1003;22893;20/11/2023;40;50;100
1013;22894;20/11/2023;45;43;118
1027;22895;20/11/2023;43;48;116
1005;22896;21/11/2023;43;38;107
1007;22897;21/11/2023;48;56;122
1009;22898;21/11/2023;168;29;157
1019;22899;21/11/2023;43;30;107
1020;22900;21/11/2023;37;42;99
1016;22901;22/11/2023;43;42;119
1015;22902;22/11/2023;46;47;114
1005;22903;22/11/2023;44;46;132
1013;22904;22/11/2023;43;41;129
1010;22905;22/11/2023;43;47;116
1002;22906;22/11/2023;60;59;145
1022;22907;22/11/2023;42;50;109
1006;22908;22/11/2023;41;38;102
1025;22909;22/11/2023;44;38;112
1004;22910;22/11/2023;37;48;99
1028;22911;22/11/2023;31;46;91
1020;22912;22/11/2023;35;44;105
1021;22913;22/11/2023;43;43;115
1026;22914;22/11/2023;39;48;104
1001;22915;24/11/2023;34;31;96
1024;22916;24/11/2023;55;41;110
1006;22917;24/11/2023;40;37;108
1013;22918;24/11/2023;38;41;98
1025;22919;24/11/2023;51;46;124
1015;22920;24/11/2023;54;46;128
1016;22921;24/11/2023;29;46;86
1008;22922;24/11/2023;43;43;113
1030;22923;24/11/2023;44;46;112
1029;22924;24/11/2023;43;50;116
1004;22925;25/11/2023;54;49;127
1013;22926;25/11/2023;37;44;97
1011;22927;25/11/2023;58;49;136
1023;22928;25/11/2023;51;44;121
1029;22929;25/11/2023;40;42;100
1026;22930;25/11/2023;30;37;88
1019;22931;26/11/2023;41;40;102
1017;22932;26/11/2023;43;42;119
1012;22933;26/11/2023;43;36;117
1024;22934;26/11/2023;43;47;116
1011;22935;26/11/2023;41;43;103
1005;22936;26/11/2023;41;50;102
1006;22937;26/11/2023;42;40;109
1030;22938;26/11/2023;44;35;120
1023;22939;27/11/2023;34;32;94
1019;22940;27/11/2023;46;38;114
1015;22941;27/11/2023;48;46;126
1029;22942;27/11/2023;44;48;112
1016;22943;27/11/2023;43;52;113
1012;22944;28/11/2023;31;41;91
1010;22945;28/11/2023;51;45;131
1011;22946;28/11/2023;35;44;105
1005;22947;28/11/2023;41;46;103
1006;22948;28/11/2023;37;37;97
1018;22949;28/11/2023;41;36;103
1027;22950;28/11/2023;43;40;115
1021;22951;28/11/2023;51;52;123
1015;22952;29/11/2023;44;29;120
1023;22953;29/11/2023;61;49;133
1024;22954;29/11/2023;35;47;105
1004;22955;29/11/2023;46;30;114
1020;22956;29/11/2023;31;39;91
1027;22957;29/11/2023;51;35;124
1022;22958;29/11/2023;51;37;131
1019;22959;30/11/2023;41;40;103
1008;22960;30/11/2023;44;42;112
1009;22961;30/11/2023;44;34;132
1012;22962;30/11/2023;43;41;129
1011;22963;30/11/2023;56;37;137
1023;22964;30/11/2023;55;41;110
1020;22965;30/11/2023;30;51;90
1010;22966;30/11/2023;43;43;113
1022;22967;30/11/2023;46;43;114
1015;22968;1/12/2023;51;40;125
1028;22969;1/12/2023;40;52;108
1003;22970;1/12/2023;43;43;119
1004;22971;1/12/2023;43;42;119
1030;22972;1/12/2023;39;39;106
1016;22973;1/12/2023;43;32;119
1021;22974;2/12/2023;44;42;112
1017;22975;2/12/2023;51;41;123
1007;22976;2/12/2023;55;43;110
1014;22977;2/12/2023;37;37;101
1011;22978;2/12/2023;51;40;121
1029;22979;2/12/2023;45;39;118
1009;22980;2/12/2023;61;32;144
1028;22981;2/12/2023;42;40;109
1018;22982;2/12/2023;48;50;126
1019;22983;2/12/2023;43;40;113
1016;22984;2/12/2023;43;46;117
1027;22985;2/12/2023;37;54;97
1001;22986;4/12/2023;44;56;112
1029;22987;4/12/2023;54;42;127
1003;22988;5/12/2023;48;36;122
1024;22989;5/12/2023;41;44;103
1004;22990;6/12/2023;51;43;131
1028;22991;6/12/2023;43;46;116
1014;22992;6/12/2023;45;36;111
1030;22993;6/12/2023;34;49;94
1002;22994;6/12/2023;46;45;114
1013;22995;6/12/2023;44;44;112
1018;22996;6/12/2023;37;30;101
1012;22997;6/12/2023;40;42;100
1020;22998;6/12/2023;37;43;97
1016;22999;6/12/2023;41;46;102
1019;23000;6/12/2023;39;40;106
1009;23001;7/12/2023;54;51;128
1029;23002;7/12/2023;31;42;89
1011;23003;8/12/2023;46;55;114
1008;23004;8/12/2023;31;38;91
1005;23005;8/12/2023;43;42;116
1003;23006;8/12/2023;51;44;123
1015;23007;8/12/2023;37;41;97
1021;23008;8/12/2023;58;60;136
1017;23009;8/12/2023;54;54;127
1007;23010;8/12/2023;45;51;111
1006;23011;8/12/2023;51;56;121
1025;23012;8/12/2023;46;50;114
1027;23013;8/12/2023;46;47;114
1026;23014;8/12/2023;51;42;125
1022;23015;8/12/2023;43;40;117
1009;23016;9/12/2023;42;32;109
1015;23017;11/12/2023;37;44;101
1007;23018;11/12/2023;34;48;94
1009;23019;11/12/2023;51;43;131
1013;23020;11/12/2023;43;43;116
1005;23021;11/12/2023;50;38;130
1016;23022;11/12/2023;43;49;129
1020;23023;11/12/2023;44;41;120
1017;23024;11/12/2023;43;47;107
1006;23025;11/12/2023;43;51;129
1026;23026;11/12/2023;44;43;120
1030;23027;11/12/2023;29;51;82
1002;23028;11/12/2023;45;41;118
1019;23029;11/12/2023;54;36;127
1023;23030;12/12/2023;51;40;125
1007;23031;12/12/2023;43;35;113
1016;23032;12/12/2023;46;46;114
1021;23033;12/12/2023;43;51;116
1025;23034;12/12/2023;37;38;99
1029;23035;13/12/2023;60;46;142
1004;23036;13/12/2023;43;53;129
1011;23037;13/12/2023;54;42;128
1012;23038;13/12/2023;39;31;104
1023;23039;13/12/2023;48;46;122
1009;23040;13/12/2023;48;45;126
1028;23041;13/12/2023;39;39;104
1003;23042;13/12/2023;43;46;113
1002;23043;13/12/2023;43;36;116
1006;23044;14/12/2023;51;43;124
1007;23045;14/12/2023;43;39;107
1017;23046;14/12/2023;43;45;119
1002;23047;14/12/2023;37;53;101
1018;23048;14/12/2023;51;44;123
1020;23049;14/12/2023;48;45;122
1021;23050;14/12/2023;43;43;113
1009;23051;15/12/2023;51;41;123
1008;23052;15/12/2023;33;42;92
1029;23053;15/12/2023;44;49;112
1023;23054;15/12/2023;43;43;115
1011;23055;15/12/2023;51;55;125
1014;23056;15/12/2023;45;45;111
1027;23057;15/12/2023;41;51;103
1003;23058;15/12/2023;59;38;139
1008;23059;16/12/2023;46;36;114
1004;23060;16/12/2023;45;45;135
1011;23061;16/12/2023;43;34;119
1009;23062;16/12/2023;42;40;109
1006;23063;16/12/2023;43;40;116
1002;23064;16/12/2023;44;42;120
1026;23065;16/12/2023;51;47;131
1018;23066;16/12/2023;45;40;118
1020;23067;16/12/2023;39;37;104
1003;23068;16/12/2023;48;39;122
1014;23069;17/12/2023;37;43;97
1029;23070;17/12/2023;62;51;146
1027;23071;17/12/2023;43;31;119
1015;23072;17/12/2023;40;44;108
1021;23073;17/12/2023;45;43;118
1006;23074;18/12/2023;40;45;108
1022;23075;18/12/2023;63;46;151
1027;23076;18/12/2023;50;47;130
1012;23077;18/12/2023;37;36;99
1017;23078;18/12/2023;44;45;112
1008;23079;18/12/2023;51;36;124
1028;23080;18/12/2023;37;45;97
1002;23081;18/12/2023;40;36;108
1026;23082;18/12/2023;39;43;104
1015;23083;18/12/2023;51;39;131
1003;23084;18/12/2023;46;52;114
1028;23085;19/12/2023;43;42;115
1030;23086;19/12/2023;43;52;119
1024;23087;19/12/2023;39;47;104
1001;23088;19/12/2023;48;55;126
1017;23089;20/12/2023;43;39;113
1013;23090;20/12/2023;43;39;115
1012;23091;20/12/2023;43;37;113
1020;23092;20/12/2023;43;38;116
1016;23093;20/12/2023;43;46;113
1003;23094;20/12/2023;51;54;121
1011;23095;20/12/2023;61;44;134
1023;23096;20/12/2023;40;40;108
1022;23097;20/12/2023;44;44;120
1001;23098;20/12/2023;61;50;144
1020;23099;21/12/2023;43;44;119
1029;23100;21/12/2023;51;40;123
1022;23101;21/12/2023;43;40;115
1014;23102;21/12/2023;46;45;114
1009;23103;21/12/2023;41;39;103
1030;23104;21/12/2023;32;41;95
1023;23105;21/12/2023;45;38;111
1015;23106;21/12/2023;45;37;118
1005;23107;22/12/2023;45;46;111
1016;23108;22/12/2023;48;41;122
1026;23109;22/12/2023;34;47;96
1011;23110;22/12/2023;43;43;113
1024;23111;22/12/2023;35;45;105
1015;23112;22/12/2023;45;39;118
1010;23113;23/12/2023;50;53;130
1001;23114;23/12/2023;60;51;145
1027;23115;23/12/2023;39;44;106
1014;23116;23/12/2023;43;39;117
1016;23117;23/12/2023;41;48;102
1020;23118;23/12/2023;48;41;126
1008;23119;23/12/2023;43;36;115
1028;23120;23/12/2023;51;51;125
1023;23121;23/12/2023;43;44;129
1007;23122;23/12/2023;42;48;109
1019;23123;23/12/2023;39;30;106
1030;23124;23/12/2023;43;42;119
1017;23125;23/12/2023;55;43;110
1010;23126;25/12/2023;48;44;122
1021;23127;25/12/2023;46;39;114
1001;23128;25/12/2023;48;44;126
1004;23129;25/12/2023;43;36;113
1026;23130;25/12/2023;54;38;128
1014;23131;26/12/2023;54;40;127
1002;23132;26/12/2023;45;42;118
1020;23133;26/12/2023;50;53;130
1017;23134;26/12/2023;39;34;106
1028;23135;26/12/2023;43;50;116
1009;23136;26/12/2023;51;45;123
1011;23137;26/12/2023;43;40;113
1025;23138;26/12/2023;43;40;113
1012;23139;26/12/2023;39;42;104
1005;23140;27/12/2023;44;53;132
1004;23141;27/12/2023;44;48;112
1010;23142;27/12/2023;61;41;144
1003;23143;27/12/2023;44;40;120
1024;23144;27/12/2023;43;44;129
1007;23145;27/12/2023;43;57;113
1008;23146;28/12/2023;48;57;122
1020;23147;28/12/2023;35;42;105
1026;23148;28/12/2023;55;39;110
1009;23149;28/12/2023;44;47;120
1028;23150;28/12/2023;35;36;105
1030;23151;28/12/2023;45;42;118
1013;23152;28/12/2023;46;44;114
1012;23153;28/12/2023;44;43;112
1002;23154;29/12/2023;39;54;104
1003;23155;29/12/2023;40;40;108
1010;23156;29/12/2023;43;43;119
1005;23157;29/12/2023;45;38;118
1025;23158;29/12/2023;43;38;117
1004;23159;29/12/2023;51;30;131
1012;23160;29/12/2023;43;26;119
1018;23161;29/12/2023;43;51;119
1030;23162;29/12/2023;54;42;128
1028;23163;29/12/2023;39;33;106
1013;23164;30/12/2023;42;46;109
1005;23165;30/12/2023;54;33;127
1003;23166;30/12/2023;48;42;126
1023;23167;30/12/2023;39;39;106
1004;23168;30/12/2023;33;36;92
1026;23169;30/12/2023;44;43;132
1011;23170;31/12/2023;50;58;130
1001;23171;31/12/2023;61;57;134
1002;23172;31/12/2023;40;47;108
1023;23173;31/12/2023;42;35;109
1014;23174;31/12/2023;43;45;107
1025;23175;31/12/2023;51;59;123
1017;23176;1/1/2024;39;34;106
1007;23177;1/1/2024;51;43;121
1009;23178;1/1/2024;48;52;122
1008;23179;1/1/2024;43;37;113
1026;23180;1/1/2024;30;41;90
1019;23181;1/1/2024;30;36;88
1012;23182;1/1/2024;32;45;93
1013;23183;1/1/2024;39;35;104
1006;23184;2/1/2024;37;51;97
1001;23185;2/1/2024;51;47;123
1002;23186;2/1/2024;31;43;85
1030;23187;2/1/2024;38;40;98
1012;23188;2/1/2024;45;35;111
1014;23189;2/1/2024;43;41;115
1010;23190;3/1/2024;50;42;130
1015;23191;3/1/2024;37;36;101
1018;23192;3/1/2024;56;37;138
1029;23193;3/1/2024;43;41;117
1005;23194;3/1/2024;43;46;116
1002;23195;3/1/2024;37;50;101
1019;23196;3/1/2024;37;46;97
1006;23197;3/1/2024;40;39;100
1008;23198;3/1/2024;63;48;148
1022;23199;3/1/2024;51;36;131
1014;23200;3/1/2024;45;39;135
1013;23201;3/1/2024;55;39;110
1010;23202;4/1/2024;51;42;125
1016;23203;4/1/2024;50;36;130
1011;23204;5/1/2024;43;39;116
1020;23205;5/1/2024;37;57;97
1003;23206;5/1/2024;54;49;128
1015;23207;5/1/2024;30;31;90
1018;23208;5/1/2024;43;36;115
1022;23209;5/1/2024;45;50;111
1017;23210;5/1/2024;48;52;122
1012;23211;5/1/2024;31;42;91
1019;23212;5/1/2024;41;42;103
1013;23213;5/1/2024;37;44;97
1014;23214;5/1/2024;48;40;122
1005;23215;5/1/2024;50;37;130
1028;23216;5/1/2024;54;44;127
1008;23217;5/1/2024;42;40;109
1003;23218;6/1/2024;51;45;121
1001;23219;6/1/2024;45;56;118
1020;23220;6/1/2024;44;48;120
1010;23221;6/1/2024;40;41;108
1030;23222;7/1/2024;43;40;115
1019;23223;7/1/2024;61;38;134
1029;23224;7/1/2024;61;51;133
1011;23225;7/1/2024;55;50;110
1017;23226;7/1/2024;40;51;108
1028;23227;7/1/2024;51;54;121
1008;23228;7/1/2024;46;37;114
1005;23229;7/1/2024;61;45;133
1022;23230;7/1/2024;41;40;103
1018;23231;8/1/2024;58;40;136
1001;23232;8/1/2024;51;42;131
1006;23233;8/1/2024;43;51;119
1027;23234;8/1/2024;43;42;113
1020;23235;8/1/2024;44;47;132
1024;23236;8/1/2024;45;25;111
1017;23237;9/1/2024;43;48;113
1025;23238;9/1/2024;51;44;131
1019;23239;9/1/2024;32;43;84
1028;23240;9/1/2024;44;54;120
1005;23241;9/1/2024;51;37;131
1015;23242;10/1/2024;39;46;104
1030;23243;10/1/2024;50;46;130
1025;23244;10/1/2024;51;53;123
1017;23245;10/1/2024;44;47;120
1018;23246;10/1/2024;54;42;128
1004;23247;10/1/2024;44;51;132
1027;23248;10/1/2024;43;50;119
1029;23249;10/1/2024;60;47;141
1016;23250;10/1/2024;45;34;111
1005;23251;10/1/2024;44;37;120
1002;23252;11/1/2024;41;41;102
1001;23253;11/1/2024;41;31;102
1019;23254;11/1/2024;31;42;77
1003;23255;11/1/2024;51;45;124
1024;23256;11/1/2024;54;46;127
1027;23257;12/1/2024;44;41;112
1009;23258;12/1/2024;48;45;126
1025;23259;12/1/2024;32;54;93
1012;23260;12/1/2024;37;44;99
1019;23261;12/1/2024;32;38;93
1022;23262;12/1/2024;54;43;128
1021;23263;12/1/2024;55;44;140
1014;23264;12/1/2024;34;38;96
1005;23265;12/1/2024;43;31;113
1029;23266;12/1/2024;43;35;113
1027;23267;13/1/2024;43;50;113
1015;23268;13/1/2024;54;54;127
1014;23269;13/1/2024;40;50;100
1021;23270;13/1/2024;45;41;118
1003;23271;13/1/2024;39;56;106
1006;23272;13/1/2024;48;47;122
1029;23273;13/1/2024;45;44;118
1023;23274;13/1/2024;51;40;125
1009;23275;14/1/2024;42;37;109
1012;23276;14/1/2024;29;50;87
1022;23277;14/1/2024;35;34;105
1025;23278;14/1/2024;60;47;142
1024;23279;14/1/2024;54;41;127
1027;23280;15/1/2024;43;46;115
1029;23281;15/1/2024;44;37;120
1008;23282;15/1/2024;43;52;129
1014;23283;15/1/2024;38;46;98
1030;23284;15/1/2024;37;44;99
1021;23285;15/1/2024;43;45;107
1006;23286;15/1/2024;31;43;91
1001;23287;15/1/2024;35;53;105
1013;23288;15/1/2024;34;54;96
1009;23289;15/1/2024;35;43;105
1018;23290;15/1/2024;35;40;105
1016;23291;16/1/2024;51;46;121
1025;23292;16/1/2024;43;31;117
1018;23293;16/1/2024;43;35;117
1017;23294;17/1/2024;51;42;124
1013;23295;17/1/2024;37;37;97
1027;23296;17/1/2024;34;38;94
1010;23297;17/1/2024;32;36;95
1030;23298;17/1/2024;38;41;98
1014;23299;17/1/2024;39;40;104
1012;23300;17/1/2024;44;41;112
1026;23301;17/1/2024;55;43;110
1002;23302;17/1/2024;41;33;103
1006;23303;18/1/2024;43;42;116
1015;23304;18/1/2024;42;46;109
1018;23305;18/1/2024;61;38;134
1009;23306;18/1/2024;48;34;126
1028;23307;18/1/2024;41;34;103
1004;23308;19/1/2024;51;42;124
1030;23309;19/1/2024;44;34;120
1016;23310;19/1/2024;41;47;102
1024;23311;19/1/2024;51;48;123
1011;23312;19/1/2024;42;38;109
1009;23313;19/1/2024;43;37;115
1002;23314;19/1/2024;50;41;130
1010;23315;20/1/2024;60;49;141
1030;23316;20/1/2024;51;49;131
1004;23317;20/1/2024;37;46;97
1005;23318;20/1/2024;40;31;100
1007;23319;20/1/2024;43;49;116
1018;23320;20/1/2024;41;37;102
1020;23321;20/1/2024;48;59;126
1028;23322;20/1/2024;34;32;96
1002;23323;21/1/2024;46;36;114
1016;23324;21/1/2024;43;50;113
1013;23325;21/1/2024;29;36;87
1001;23326;21/1/2024;43;55;116
1009;23327;21/1/2024;55;40;110
1019;23328;21/1/2024;55;35;110
1030;23329;22/1/2024;51;43;123
1007;23330;22/1/2024;48;39;126
1010;23331;22/1/2024;48;49;122
1028;23332;22/1/2024;40;47;108
1012;23333;22/1/2024;54;35;128
1001;23334;22/1/2024;43;44;119
1006;23335;22/1/2024;43;47;113
1011;23336;22/1/2024;43;50;107
1016;23337;23/1/2024;46;42;114
1003;23338;23/1/2024;40;42;108
1019;23339;23/1/2024;42;46;109
1020;23340;23/1/2024;51;38;124
1023;23341;23/1/2024;43;41;116
1017;23342;24/1/2024;45;48;118
1012;23343;24/1/2024;39;48;106
1028;23344;24/1/2024;35;44;105
1007;23345;24/1/2024;43;39;116
1019;23346;24/1/2024;56;48;137
1024;23347;24/1/2024;44;49;132
1018;23348;24/1/2024;55;47;140
1011;23349;24/1/2024;44;45;112
1020;23350;25/1/2024;51;52;123
1004;23351;25/1/2024;48;31;122
1016;23352;25/1/2024;32;40;84
1001;23353;25/1/2024;62;47;143
1017;23354;25/1/2024;34;38;96
1025;23355;25/1/2024;61;34;134
1006;23356;25/1/2024;44;39;132
1024;23357;26/1/2024;51;38;131
1027;23358;26/1/2024;56;53;138
1026;23359;26/1/2024;63;37;148
1022;23360;26/1/2024;54;50;127
1018;23361;26/1/2024;43;45;107
1007;23362;26/1/2024;44;51;112
1014;23363;26/1/2024;39;40;106
1019;23364;26/1/2024;40;37;100
1015;23365;27/1/2024;45;50;118
1013;23366;27/1/2024;42;38;109
1004;23367;27/1/2024;35;39;105
1027;23368;27/1/2024;39;55;104
1020;23369;27/1/2024;61;49;134
1022;23370;27/1/2024;43;58;115
1029;23371;27/1/2024;43;43;117
1023;23372;27/1/2024;60;55;145
1017;23373;27/1/2024;44;32;112
1025;23374;27/1/2024;44;39;120
1018;23375;28/1/2024;39;43;104
1028;23376;28/1/2024;55;45;110
1024;23377;28/1/2024;38;39;98
1005;23378;28/1/2024;51;46;125
1006;23379;28/1/2024;39;40;104
1022;23380;29/1/2024;40;37;108
1003;23381;29/1/2024;43;42;113
1024;23382;29/1/2024;45;47;118
1020;23383;29/1/2024;46;44;114
1029;23384;29/1/2024;44;40;112
1015;23385;29/1/2024;45;45;118
1017;23386;29/1/2024;43;45;107
1025;23387;29/1/2024;41;51;103
1023;23388;29/1/2024;43;35;119
1014;23389;29/1/2024;43;35;129
1010;23390;29/1/2024;43;40;107
1004;23391;29/1/2024;39;34;104
1020;23392;30/1/2024;41;43;103
1009;23393;30/1/2024;51;50;124
1023;23394;30/1/2024;48;37;122
1005;23395;30/1/2024;45;38;118
1004;23396;30/1/2024;43;39;107
1022;23397;31/1/2024;51;52;125
1008;23398;31/1/2024;51;35;121
1006;23399;31/1/2024;43;44;117
1025;23400;31/1/2024;39;44;106
1016;23401;31/1/2024;40;47;100
1014;23402;31/1/2024;40;45;108
1026;23403;31/1/2024;29;31;87
1029;23404;31/1/2024;55;56;110
1024;23405;31/1/2024;58;42;136
1010;23406;31/1/2024;43;39;116
1009;23407;1/2/2024;35;44;105
1023;23408;1/2/2024;46;52;114
1007;23409;1/2/2024;40;48;108
1004;23410;1/2/2024;54;40;127
1013;23411;2/2/2024;55;59;110
1022;23412;2/2/2024;58;36;136
1025;23413;2/2/2024;61;38;133
1024;23414;2/2/2024;44;38;120
1029;23415;2/2/2024;46;39;114
1012;23416;2/2/2024;39;35;106
1014;23417;2/2/2024;40;42;108
1021;23418;2/2/2024;51;46;121
1005;23419;2/2/2024;39;37;106
1019;23420;2/2/2024;40;37;108
1002;23421;3/2/2024;58;53;136
1021;23422;3/2/2024;61;57;134
1025;23423;3/2/2024;51;40;123
1007;23424;3/2/2024;43;51;117
1010;23425;3/2/2024;43;36;129
1023;23426;3/2/2024;43;38;113
1014;23427;4/2/2024;45;37;111
1024;23428;4/2/2024;55;42;140
1022;23429;4/2/2024;41;48;103
1009;23430;4/2/2024;43;49;115
1028;23431;4/2/2024;31;46;91
1005;23432;4/2/2024;54;48;127
1027;23433;4/2/2024;30;41;90
1010;23434;4/2/2024;40;32;108
1019;23435;4/2/2024;41;42;103
1026;23436;5/2/2024;45;44;118
1025;23437;5/2/2024;55;40;110
1023;23438;5/2/2024;51;48;124
1021;23439;5/2/2024;42;60;109
1022;23440;5/2/2024;61;36;149
1005;23441;5/2/2024;40;38;100
1027;23442;6/2/2024;43;48;129
1028;23443;6/2/2024;43;35;113
1014;23444;6/2/2024;32;39;95
1026;23445;6/2/2024;43;45;119
1017;23446;6/2/2024;51;42;123
1018;23447;6/2/2024;43;32;117
1010;23448;6/2/2024;39;44;106
1007;23449;7/2/2024;46;46;114
1005;23450;7/2/2024;51;41;123
1030;23451;7/2/2024;39;46;104
1011;23452;7/2/2024;43;49;117
1021;23453;7/2/2024;54;52;127
1008;23454;7/2/2024;61;48;133
1029;23455;7/2/2024;43;38;117
1030;23456;8/2/2024;45;27;111
1021;23457;8/2/2024;51;49;131
1026;23458;8/2/2024;48;40;122
1007;23459;8/2/2024;45;48;118
1017;23460;8/2/2024;43;43;129
1006;23461;8/2/2024;45;46;118
1020;23462;8/2/2024;43;52;115
1008;23463;8/2/2024;54;45;128
1016;23464;8/2/2024;46;50;114
1011;23465;9/2/2024;54;40;127
1027;23466;9/2/2024;39;48;104
1015;23467;9/2/2024;43;39;129
1012;23468;9/2/2024;32;48;84
1016;23469;9/2/2024;39;35;106
1029;23470;9/2/2024;48;41;122
1018;23471;10/2/2024;45;40;111
1008;23472;10/2/2024;39;57;106
1030;23473;10/2/2024;41;41;103
1004;23474;10/2/2024;43;48;119
1006;23475;10/2/2024;40;43;108
1028;23476;10/2/2024;39;32;106
1007;23477;10/2/2024;43;47;119
1009;23478;10/2/2024;51;41;125
1027;23479;10/2/2024;43;58;113
1024;23480;10/2/2024;44;42;112
1029;23481;10/2/2024;32;36;93
1001;23482;11/2/2024;55;42;110
1025;23483;11/2/2024;43;40;113
1004;23484;12/2/2024;51;42;123
1009;23485;12/2/2024;41;32;102
1030;23486;12/2/2024;48;46;122
1006;23487;12/2/2024;58;43;136
1022;23488;12/2/2024;32;48;95
1029;23489;12/2/2024;34;49;96
1003;23490;12/2/2024;41;51;103
1015;23491;12/2/2024;39;52;104
1021;23492;12/2/2024;43;51;129
1017;23493;12/2/2024;51;41;121
1018;23494;13/2/2024;54;31;127
1001;23495;13/2/2024;45;39;118
1013;23496;13/2/2024;51;47;123
1017;23497;13/2/2024;51;41;121
1025;23498;13/2/2024;51;50;125
1008;23499;13/2/2024;45;50;111
1013;23500;14/2/2024;42;43;109
1003;23501;14/2/2024;40;34;100
1011;23502;14/2/2024;37;45;99
1009;23503;14/2/2024;54;39;127
1006;23504;14/2/2024;35;44;105
1002;23505;14/2/2024;29;31;86
1015;23506;14/2/2024;48;42;126
1027;23507;14/2/2024;43;56;113
1030;23508;14/2/2024;32;44;93
1023;23509;14/2/2024;56;37;138
1008;23510;14/2/2024;40;48;100
1025;23511;14/2/2024;41;48;102
1022;23512;14/2/2024;50;48;130
1010;23513;15/2/2024;55;44;110
1021;23514;15/2/2024;55;41;140
1017;23515;15/2/2024;54;52;128
1002;23516;22/2/2024;32;39;93
1003;23517;22/2/2024;55;45;110
1008;23518;22/2/2024;43;41;115
1014;23519;22/2/2024;43;33;116
1024;23520;22/2/2024;43;41;113
1022;23521;22/2/2024;43;42;107
1027;23522;22/2/2024;35;44;105
1001;23523;22/2/2024;43;36;129
1012;23524;22/2/2024;43;42;115
1015;23525;22/2/2024;55;40;110
1030;23526;22/2/2024;48;42;122
1023;23527;22/2/2024;55;41;110
1007;23528;23/2/2024;37;43;97
1005;23529;23/2/2024;51;47;123
1013;23530;23/2/2024;39;46;106
1015;23531;23/2/2024;39;43;106
1022;23532;23/2/2024;37;51;101
1024;23533;23/2/2024;55;58;110
1016;23534;23/2/2024;54;45;127
1012;23535;23/2/2024;32;43;84
1010;23536;23/2/2024;44;47;112
1030;23537;23/2/2024;45;47;118
1014;23538;24/2/2024;44;46;112
1001;23539;24/2/2024;43;36;116
1002;23540;24/2/2024;29;56;86
1010;23541;25/2/2024;43;47;119
1023;23542;25/2/2024;43;34;113
1026;23543;25/2/2024;45;38;111
1007;23544;25/2/2024;46;47;114
1016;23545;25/2/2024;43;45;119
1006;23546;25/2/2024;46;49;114
1018;23547;25/2/2024;51;48;123
1014;23548;25/2/2024;33;51;92
1030;23549;25/2/2024;42;46;109
1012;23550;25/2/2024;32;41;93
1025;23551;25/2/2024;51;41;123
1005;23552;26/2/2024;50;45;130
1008;23553;26/2/2024;45;42;111
1002;23554;26/2/2024;45;46;111
1013;23555;26/2/2024;51;39;121
1021;23556;27/2/2024;51;44;123
1002;23557;27/2/2024;27;35;81
1026;23558;27/2/2024;43;36;119
1029;23559;27/2/2024;43;44;115
1004;23560;27/2/2024;37;28;99
1020;23561;27/2/2024;37;43;97
1012;23562;27/2/2024;31;37;85
1008;23563;27/2/2024;35;47;105
1030;23564;27/2/2024;35;41;105
1013;23565;27/2/2024;39;34;106
1027;23566;27/2/2024;32;46;95
1026;23567;28/2/2024;58;50;136
1029;23568;28/2/2024;46;40;114
1007;23569;28/2/2024;51;39;123
1028;23570;28/2/2024;37;50;101
1025;23571;28/2/2024;34;43;96
1023;23572;28/2/2024;43;39;116
1020;23573;29/2/2024;43;37;107
1010;23574;29/2/2024;45;44;111
1021;23575;29/2/2024;55;53;110
1011;23576;29/2/2024;37;39;97
1018;23577;29/2/2024;45;37;118
1027;23578;29/2/2024;35;58;105
1013;23579;29/2/2024;37;45;97
1015;23580;29/2/2024;51;45;131
1012;23581;1/3/2024;46;32;114
1007;23582;1/3/2024;55;53;110
1021;23583;1/3/2024;44;56;120
1026;23584;1/3/2024;55;42;110
1009;23585;1/3/2024;41;44;102
1025;23586;1/3/2024;51;45;124
1019;23587;1/3/2024;48;46;122
1010;23588;1/3/2024;43;49;113
1015;23589;1/3/2024;43;39;115
1011;23590;2/3/2024;41;42;102
1020;23591;2/3/2024;44;42;120
1019;23592;2/3/2024;43;50;107
1016;23593;2/3/2024;51;47;124
1027;23594;2/3/2024;45;49;118
1004;23595;3/3/2024;44;42;120
1022;23596;3/3/2024;31;40;89
1021;23597;3/3/2024;30;46;88
1012;23598;3/3/2024;39;45;106
1008;23599;3/3/2024;31;28;91
1009;23600;3/3/2024;35;42;105
1003;23601;3/3/2024;43;47;107
1018;23602;3/3/2024;45;41;118
1028;23603;4/3/2024;39;50;106
1019;23604;4/3/2024;46;41;114
1022;23605;4/3/2024;39;38;106
1015;23606;4/3/2024;43;43;115
1006;23607;4/3/2024;43;32;113
1018;23608;4/3/2024;39;38;104
1014;23609;5/3/2024;37;41;101
1029;23610;5/3/2024;59;62;139
1011;23611;5/3/2024;43;51;116
1008;23612;5/3/2024;55;42;110
1004;23613;5/3/2024;43;38;107
1001;23614;5/3/2024;39;53;104
1030;23615;5/3/2024;37;50;101
1009;23616;5/3/2024;56;43;137
1024;23617;5/3/2024;43;52;117
1014;23618;6/3/2024;43;42;119
1022;23619;6/3/2024;48;41;122
1028;23620;6/3/2024;43;54;115
1007;23621;6/3/2024;37;42;101
1006;23622;6/3/2024;43;39;119
1018;23623;6/3/2024;54;39;128
1010;23624;6/3/2024;30;36;90
1025;23625;6/3/2024;50;46;130
1017;23626;7/3/2024;43;48;113
1002;23627;7/3/2024;44;28;112
1013;23628;7/3/2024;40;37;108
1005;23629;7/3/2024;43;36;113
1030;23630;7/3/2024;43;37;129
1006;23631;7/3/2024;51;40;125
1001;23632;7/3/2024;42;47;109
1012;23633;8/3/2024;40;48;100
1029;23634;8/3/2024;41;48;103
1014;23635;8/3/2024;29;37;74
1017;23636;8/3/2024;39;45;104
1013;23637;8/3/2024;40;43;100
1011;23638;8/3/2024;37;47;99
1027;23639;8/3/2024;51;47;123
1010;23640;8/3/2024;48;43;122
1006;23641;9/3/2024;41;38;102
1026;23642;9/3/2024;60;36;142
1002;23643;9/3/2024;37;41;99
1030;23644;9/3/2024;48;49;126
1001;23645;9/3/2024;43;43;117
1020;23646;9/3/2024;51;36;121
1005;23647;9/3/2024;45;43;118
1010;23648;10/3/2024;51;41;124
1027;23649;10/3/2024;44;42;112
1009;23650;10/3/2024;45;46;111
1015;23651;10/3/2024;55;40;110
1029;23652;10/3/2024;43;43;116
1028;23653;10/3/2024;32;39;93
1002;23654;10/3/2024;44;40;120
1004;23655;10/3/2024;32;47;79
1017;23656;10/3/2024;42;38;109
1012;23657;11/3/2024;37;40;97
1024;23658;11/3/2024;43;42;117
1021;23659;11/3/2024;44;45;112
1026;23660;11/3/2024;54;49;127
1005;23661;11/3/2024;43;42;119
1001;23662;11/3/2024;51;45;121
1004;23663;12/3/2024;32;31;79
1009;23664;12/3/2024;51;43;121
1015;23665;12/3/2024;37;28;97
1027;23666;12/3/2024;41;36;103
1001;23667;12/3/2024;51;46;123
1010;23668;12/3/2024;34;44;94
1017;23669;12/3/2024;45;48;118
1002;23670;13/3/2024;39;32;106
1005;23671;13/3/2024;39;37;104
1016;23672;13/3/2024;40;41;100
1006;23673;13/3/2024;44;48;132
1007;23674;13/3/2024;43;46;116
1012;23675;13/3/2024;55;35;110
1021;23676;13/3/2024;37;42;99
1023;23677;13/3/2024;43;38;107
1011;23678;13/3/2024;41;38;102
1024;23679;14/3/2024;44;51;112
1004;23680;14/3/2024;35;30;105
1015;23681;14/3/2024;43;32;119
1022;23682;14/3/2024;48;35;126
1003;23683;14/3/2024;35;50;105
1026;23684;14/3/2024;43;40;119
1013;23685;15/3/2024;40;44;108
1024;23686;15/3/2024;43;57;107
1014;23687;15/3/2024;43;39;113
1022;23688;15/3/2024;39;37;104
1016;23689;15/3/2024;43;40;117
1011;23690;15/3/2024;48;41;122
1007;23691;16/3/2024;41;45;103
1019;23692;16/3/2024;43;36;107
1012;23693;16/3/2024;38;40;98
1002;23694;16/3/2024;40;45;100
1018;23695;16/3/2024;45;45;118
1015;23696;16/3/2024;38;32;98
1021;23697;16/3/2024;54;45;128
1017;23698;16/3/2024;43;44;119
1003;23699;16/3/2024;38;52;98
1024;23700;17/3/2024;43;39;129
1013;23701;17/3/2024;39;47;104
1016;23702;17/3/2024;35;37;105
1001;23703;17/3/2024;50;43;130
1005;23704;17/3/2024;34;37;96
1002;23705;17/3/2024;43;48;115
1011;23706;17/3/2024;55;45;110
1007;23707;18/3/2024;40;39;108
1013;23708;18/3/2024;31;49;91
1008;23709;18/3/2024;34;43;94
1019;23710;18/3/2024;43;43;107
1017;23711;18/3/2024;46;35;114
1028;23712;18/3/2024;45;49;111
1003;23713;18/3/2024;43;44;119
1011;23714;18/3/2024;35;42;105
1027;23715;19/3/2024;56;47;137
1012;23716;19/3/2024;33;30;92
1029;23717;19/3/2024;39;48;104
1026;23718;19/3/2024;43;40;113
1016;23719;19/3/2024;43;49;115
1009;23720;20/3/2024;48;40;122
1013;23721;20/3/2024;43;37;107
1025;23722;20/3/2024;51;53;123
1010;23723;20/3/2024;43;41;119
1020;23724;20/3/2024;43;47;107
1022;23725;20/3/2024;43;42;116
1004;23726;20/3/2024;41;40;102
1028;23727;20/3/2024;43;45;116
1025;23728;21/3/2024;41;37;102
1029;23729;21/3/2024;39;33;106
1002;23730;21/3/2024;40;49;108
1006;23731;21/3/2024;43;43;117
1020;23732;21/3/2024;37;38;97
1003;23733;21/3/2024;40;31;100
1011;23734;21/3/2024;43;36;115
1018;23735;22/3/2024;51;46;123
1001;23736;22/3/2024;43;35;129
1028;23737;22/3/2024;37;51;99
1007;23738;22/3/2024;31;41;91
1029;23739;22/3/2024;45;56;111
1022;23740;22/3/2024;51;40;125
1009;23741;22/3/2024;51;50;123
1004;23742;22/3/2024;34;42;94
1002;23743;23/3/2024;32;41;93
1025;23744;23/3/2024;42;42;109
1012;23745;23/3/2024;31;39;91
1024;23746;23/3/2024;51;39;131
1020;23747;23/3/2024;43;40;119
1001;23748;23/3/2024;51;41;124
1005;23749;23/3/2024;42;42;109
1016;23750;23/3/2024;46;49;114
1029;23751;24/3/2024;46;41;114
1004;23752;24/3/2024;51;37;121
1007;23753;24/3/2024;32;30;84
1021;23754;24/3/2024;55;41;110
1018;23755;24/3/2024;32;37;93
1009;23756;24/3/2024;60;40;145
1012;23757;25/3/2024;33;33;92
1002;23758;25/3/2024;34;50;96
1008;23759;25/3/2024;37;37;99
1001;23760;25/3/2024;45;38;118
1024;23761;25/3/2024;41;47;102
1019;23762;25/3/2024;33;44;92
1015;23763;25/3/2024;43;52;107
1026;23764;25/3/2024;43;47;115
1028;23765;25/3/2024;41;40;103
1004;23766;25/3/2024;34;47;96
1009;23767;25/3/2024;61;34;133
1023;23768;26/3/2024;54;69;128
1021;23769;26/3/2024;43;43;113
1018;23770;26/3/2024;43;45;119
1026;23771;26/3/2024;44;49;132
1002;23772;27/3/2024;48;45;122
1021;23773;27/3/2024;37;52;101
1007;23774;27/3/2024;45;32;111
1003;23775;27/3/2024;60;42;145
1022;23776;27/3/2024;40;43;108
1019;23777;27/3/2024;39;33;106
1005;23778;27/3/2024;44;50;132
1008;23779;27/3/2024;31;41;91
1023;23780;27/3/2024;58;43;136
1009;23781;27/3/2024;37;40;99
1030;23782;27/3/2024;45;41;118
1024;23783;27/3/2024;39;51;104
1001;23784;28/3/2024;48;43;122
1010;23785;28/3/2024;40;46;100
1008;23786;29/3/2024;34;47;96
1022;23787;29/3/2024;40;41;100
1023;23788;29/3/2024;30;48;90
1021;23789;29/3/2024;43;50;115
1004;23790;29/3/2024;46;42;114
1006;23791;29/3/2024;40;44;108
1003;23792;29/3/2024;48;50;126
1024;23793;29/3/2024;41;39;103
1019;23794;29/3/2024;29;43;82
1017;23795;29/3/2024;45;39;111
1027;23796;29/3/2024;37;45;101
1026;23797;29/3/2024;43;42;107
1001;23798;30/3/2024;39;51;104
1028;23799;30/3/2024;30;45;88
1010;23800;30/3/2024;48;40;122
1007;23801;31/3/2024;37;28;101
1013;23802;31/3/2024;43;42;119
1004;23803;31/3/2024;45;39;135
1022;23804;31/3/2024;50;41;130
1023;23805;31/3/2024;43;50;116
1021;23806;31/3/2024;43;41;117
1006;23807;31/3/2024;42;43;109
1026;23808;31/3/2024;51;47;125
1018;23809;31/3/2024;43;43;113
1020;23810;31/3/2024;39;33;106
1019;23811;1/4/2024;41;44;103
1002;23812;1/4/2024;45;43;111
1028;23813;1/4/2024;55;44;110
1001;23814;1/4/2024;45;51;118
1024;23815;1/4/2024;51;49;124
1011;23816;1/4/2024;43;45;113
1010;23817;2/4/2024;43;57;113
1023;23818;2/4/2024;54;47;128
1003;23819;2/4/2024;37;30;99
1018;23820;2/4/2024;35;43;105
1027;23821;2/4/2024;39;37;106
1007;23822;2/4/2024;43;41;129
1030;23823;2/4/2024;35;59;105
1022;23824;2/4/2024;32;38;95
1026;23825;2/4/2024;40;42;100
1023;23826;3/4/2024;51;49;125
1019;23827;3/4/2024;31;55;89
1009;23828;3/4/2024;45;45;111
1018;23829;3/4/2024;40;31;100
1008;23830;3/4/2024;43;37;113
1014;23831;3/4/2024;43;39;117
1005;23832;3/4/2024;31;48;85
1028;23833;3/4/2024;45;54;111
1007;23834;3/4/2024;37;37;101
1011;23835;4/4/2024;32;56;95
1025;23836;4/4/2024;42;35;109
1004;23837;4/4/2024;42;41;109
1021;23838;4/4/2024;61;43;133
1016;23839;4/4/2024;40;51;100
1019;23840;5/4/2024;40;55;108
1018;23841;5/4/2024;44;39;112
1014;23842;5/4/2024;43;37;115
1025;23843;5/4/2024;40;54;100
1030;23844;5/4/2024;45;34;111
1005;23845;5/4/2024;43;47;117
1008;23846;5/4/2024;30;38;90
1013;23847;5/4/2024;43;48;119
1003;23848;5/4/2024;40;38;100
1021;23849;5/4/2024;39;44;106
1017;23850;5/4/2024;29;44;87
1020;23851;5/4/2024;41;43;102
1007;23852;6/4/2024;37;40;97
1008;23853;6/4/2024;41;28;103
1004;23854;6/4/2024;43;41;116
1011;23855;6/4/2024;55;38;110
1007;23856;7/4/2024;45;36;118
1027;23857;7/4/2024;58;32;136
1013;23858;7/4/2024;43;39;115
1029;23859;7/4/2024;43;42;113
1015;23860;7/4/2024;48;43;122
1006;23861;7/4/2024;38;37;98
1018;23862;7/4/2024;51;36;121
1019;23863;7/4/2024;43;53;107
1004;23864;7/4/2024;61;46;133
1003;23865;7/4/2024;48;41;122
1025;23866;7/4/2024;43;54;107
1020;23867;7/4/2024;55;29;110
1017;23868;7/4/2024;54;46;127
1009;23869;9/4/2024;55;44;140
1008;23870;9/4/2024;41;44;102
1026;23871;9/4/2024;50;55;130
1001;23872;9/4/2024;31;38;91
1013;23873;9/4/2024;43;46;117
1025;23874;9/4/2024;35;56;105
1015;23875;9/4/2024;51;41;121
1030;23876;9/4/2024;41;51;102
1014;23877;9/4/2024;39;42;106
1003;23878;9/4/2024;54;31;128
1016;23879;9/4/2024;45;43;111
1029;23880;9/4/2024;55;45;110
1022;23881;9/4/2024;35;63;105
1021;23882;9/4/2024;61;42;134
1028;23883;10/4/2024;38;44;98
1026;23884;10/4/2024;45;39;111
1005;23885;10/4/2024;41;45;102
1012;23886;10/4/2024;43;33;115
1030;23887;10/4/2024;31;47;89
1014;23888;10/4/2024;37;34;99
1017;23889;10/4/2024;43;35;107
1024;23890;10/4/2024;51;48;124
1006;23891;11/4/2024;54;42;127
1003;23892;11/4/2024;45;52;118
1027;23893;11/4/2024;51;39;121
1029;23894;11/4/2024;45;40;135
1021;23895;11/4/2024;40;46;100
1006;23896;12/4/2024;43;56;129
1014;23897;12/4/2024;43;45;113
1002;23898;12/4/2024;43;45;107
1009;23899;12/4/2024;44;39;120
1012;23900;12/4/2024;38;33;98
1016;23901;12/4/2024;44;33;120
1010;23902;12/4/2024;43;42;107
1011;23903;12/4/2024;39;40;106
1023;23904;12/4/2024;51;39;123
1005;23905;12/4/2024;41;41;103
1008;23906;12/4/2024;43;40;107
1027;23907;12/4/2024;43;48;116
1029;23908;12/4/2024;46;38;114
1024;23909;12/4/2024;40;41;108
1020;23910;12/4/2024;55;46;110
1002;23911;14/4/2024;29;42;86
1010;23912;14/4/2024;30;34;88
1006;23913;14/4/2024;43;44;119
1005;23914;14/4/2024;41;41;103
1011;23915;14/4/2024;43;32;115
1012;23916;14/4/2024;44;47;120
1015;23917;14/4/2024;48;36;122
1019;23918;14/4/2024;29;54;82
1027;23919;14/4/2024;43;59;116
1020;23920;14/4/2024;43;48;116
1008;23921;14/4/2024;32;40;95
1026;23922;14/4/2024;29;41;86
1023;23923;14/4/2024;51;39;124
1024;23924;14/4/2024;51;32;125
1016;23925;14/4/2024;48;54;126
1023;23926;16/4/2024;55;41;110
1021;23927;16/4/2024;34;42;94
1013;23928;17/4/2024;39;47;104
1011;23929;17/4/2024;43;34;116
1006;23930;19/4/2024;31;38;91
1025;23931;19/4/2024;38;40;98
1014;23932;20/4/2024;31;40;83
1024;23933;20/4/2024;32;28;95
1004;23934;20/4/2024;39;33;104
1023;23935;20/4/2024;41;40;103
1013;23936;21/4/2024;34;34;94
1026;23937;21/4/2024;37;41;97
1009;23938;21/4/2024;34;50;94
1029;23939;21/4/2024;33;52;92
1014;23940;22/4/2024;29;41;86
1004;23941;22/4/2024;37;44;101
1023;23942;22/4/2024;37;38;99
1024;23943;23/4/2024;32;41;93
1009;23944;23/4/2024;51;45;125
1026;23945;23/4/2024;34;50;96
1013;23946;24/4/2024;45;40;111
1029;23947;24/4/2024;33;35;92
1007;23948;25/4/2024;31;83;83
1003;23949;25/4/2024;46;32;114
1016;23950;25/4/2024;44;51;112
1010;23951;26/4/2024;45;43;118
1022;23952;26/4/2024;30;41;90
1017;23953;26/4/2024;48;50;126
1007;23954;27/4/2024;31;29;89
1018;23955;27/4/2024;39;47;106
1001;23956;27/4/2024;39;43;104
1016;23957;27/4/2024;40;40;108
1003;23958;28/4/2024;37;52;97
1022;23959;28/4/2024;43;29;116
1010;23960;28/4/2024;43;42;113
1017;23961;28/4/2024;48;44;122
1001;23962;29/4/2024;41;46;102
1018;23963;29/4/2024;37;44;97
1023;23964;29/4/2024;39;41;106
1004;23965;30/4/2024;44;46;112
1014;23966;30/4/2024;41;43;103
1009;23967;30/4/2024;33;36;92
1013;23968;1/5/2024;32;29;84
1026;23969;1/5/2024;51;40;123
1010;23970;2/5/2024;38;40;98
1003;23971;2/5/2024;45;48;118
1007;23972;3/5/2024;34;38;96
1022;23973;3/5/2024;37;45;101
1017;23974;4/5/2024;39;42;106
1014;23975;5/5/2024;34;49;94
1009;23976;6/5/2024;43;32;117
1017;23977;6/5/2024;39;42;106
1007;23978;7/5/2024;32;38;95
1026;23979;7/5/2024;32;39;95
1009;23980;8/5/2024;51;34;121
1007;23981;9/5/2024;45;44;118
1026;23982;9/5/2024;43;44;119
1003;23983;10/5/2024;39;41;106
1016;23984;10/5/2024;43;40;117
1018;23985;11/5/2024;37;41;101
1001;23986;11/5/2024;39;44;106
1018;23987;13/5/2024;33;45;100
1009;23988;14/5/2024;30;29;91
1017;23989;14/5/2024;32;33;97
1007;23990;15/5/2024;33;28;98
1026;23991;15/5/2024;34;46;104
1016;23992;16/5/2024;22;43;70
1003;23993;17/5/2024;33;35;103
1018;23994;18/5/2024;36;31;116
1009;23995;19/5/2024;47;33;130
1017;23996;19/5/2024;32;47;98
1009;23997;21/5/2024;60;44;128
1026;23998;22/5/2024;54;48;108
1017;22631;5/10/2023;45;56;111
1026;22632;7/10/2023;34;51;96
1021;22633;7/10/2023;51;75;125
1010;22634;8/10/2023;35;46;105
1008;22635;8/10/2023;48;49;126
1001;22636;8/10/2023;46;49;114
1005;22637;8/10/2023;44;48;112
1028;22638;8/10/2023;54;47;127
1022;22639;8/10/2023;34;42;96
1003;22640;9/10/2023;61;39;144
1018;22641;9/10/2023;48;52;122
1023;22642;9/10/2023;43;48;129
1013;22643;10/10/2023;43;51;113
1011;22644;10/10/2023;40;50;108
1029;22645;10/10/2023;35;54;105
1028;22646;10/10/2023;40;49;108
1027;22647;10/10/2023;48;56;122
1024;22648;10/10/2023;43;38;107
1022;22649;10/10/2023;41;51;103
1004;22650;11/10/2023;37;37;101
1023;22651;11/10/2023;42;47;109
1018;22652;12/10/2023;51;39;125
1007;22653;12/10/2023;35;45;105
1015;22654;12/10/2023;38;48;98
1011;22655;12/10/2023;41;41;103
1029;22656;12/10/2023;29;36;87
1006;22657;12/10/2023;61;56;133
1019;22658;12/10/2023;45;35;111
1030;22659;13/10/2023;44;35;120
1023;22660;13/10/2023;51;41;125
1011;22661;14/10/2023;55;46;110
1003;22662;14/10/2023;44;40;112
1020;22663;14/10/2023;56;38;138
1012;22664;15/10/2023;43;43;117
1013;22665;15/10/2023;44;47;132
1023;22666;15/10/2023;37;47;97
1016;22667;15/10/2023;43;39;116
1025;22668;15/10/2023;43;41;115
1009;22669;16/10/2023;43;37;116
1002;22670;16/10/2023;43;47;119
1030;22671;16/10/2023;31;49;89
1024;22672;16/10/2023;43;47;117
1014;22673;17/10/2023;33;39;92
1001;22674;17/10/2023;51;46;123
1018;22675;17/10/2023;51;46;124
1006;22676;17/10/2023;41;43;102
1022;22677;17/10/2023;43;49;116
1003;22678;18/10/2023;39;47;106
1013;22679;18/10/2023;39;53;104
1030;22680;18/10/2023;43;54;117
1021;22681;18/10/2023;43;47;116
1012;22682;19/10/2023;37;49;99
1018;22683;19/10/2023;43;45;116
1006;22684;19/10/2023;35;34;105
1025;22685;19/10/2023;43;50;116
1022;22686;19/10/2023;30;46;90
1023;22687;19/10/2023;40;36;100
1004;22688;20/10/2023;44;40;120
1009;22689;20/10/2023;42;54;109
1005;22690;20/10/2023;61;60;134
1010;22691;20/10/2023;51;50;124
1027;22692;20/10/2023;55;48;110
1026;22693;20/10/2023;46;50;114
1021;22694;20/10/2023;43;52;117
1016;22695;24/10/2023;43;42;119
1021;22696;24/10/2023;39;49;104
1014;22697;25/10/2023;43;57;116
1003;22698;25/10/2023;39;47;104
1009;22699;25/10/2023;62;51;143
1012;22700;25/10/2023;43;51;116
1005;22701;25/10/2023;37;47;97
1013;22702;25/10/2023;41;48;103
1002;22703;25/10/2023;43;50;113
1028;22704;25/10/2023;39;37;104
1006;22705;25/10/2023;39;42;104
1020;22706;25/10/2023;46;54;114
1030;22707;25/10/2023;43;45;119
1022;22708;25/10/2023;51;45;123
1010;22709;26/10/2023;45;43;118
1023;22710;26/10/2023;40;42;100
1028;22711;27/10/2023;39;48;104
1012;22712;27/10/2023;37;41;99
1007;22713;27/10/2023;35;48;105
1001;22714;27/10/2023;43;55;119
1011;22715;27/10/2023;44;44;120
1030;22716;27/10/2023;48;43;126
1006;22717;27/10/2023;39;52;104
1026;22718;27/10/2023;51;40;125
1020;22719;27/10/2023;44;45;120
1025;22720;27/10/2023;46;41;114
1019;22721;27/10/2023;37;47;97
1029;22722;28/10/2023;34;43;96
1015;22723;28/10/2023;43;45;113
1008;22724;28/10/2023;45;53;118
1005;22725;28/10/2023;43;41;107
1007;22726;28/10/2023;43;52;113
1017;22727;28/10/2023;39;47;106
1024;22728;28/10/2023;48;39;126
1018;22729;29/10/2023;32;29;95
1010;22730;29/10/2023;55;39;110
1027;22731;29/10/2023;32;42;95
1004;22732;29/10/2023;48;51;126
1025;22733;29/10/2023;44;47;132
1022;22734;29/10/2023;51;48;123
1015;22735;30/10/2023;43;40;107
1009;22736;30/10/2023;35;47;105
1012;22737;30/10/2023;51;39;121
1005;22738;30/10/2023;31;47;91
1011;22739;30/10/2023;54;36;127
1018;22740;30/10/2023;51;44;124
1029;22741;30/10/2023;41;39;102
1010;22742;30/10/2023;48;43;122
1028;22743;30/10/2023;55;44;110
1016;22744;30/10/2023;55;43;110
1023;22745;30/10/2023;39;40;106
1007;22746;31/10/2023;31;46;91
1024;22747;31/10/2023;46;43;114
1022;22748;31/10/2023;45;44;118
1005;22749;1/11/2023;50;50;130
1008;22750;1/11/2023;37;38;101
1018;22751;1/11/2023;39;49;106
1003;22752;1/11/2023;31;50;89
1013;22753;1/11/2023;35;46;105
1001;22754;1/11/2023;67;57;155
1011;22755;1/11/2023;50;57;130
1017;22756;1/11/2023;55;47;110
1027;22757;1/11/2023;54;38;128
1026;22758;1/11/2023;46;45;114
1020;22759;1/11/2023;61;46;133
1023;22760;1/11/2023;50;51;130
1021;22761;1/11/2023;41;36;102
1004;22762;2/11/2023;46;46;114
1029;22763;2/11/2023;51;36;125
1020;22764;2/11/2023;43;48;113
1024;22765;2/11/2023;51;34;121
1009;22766;3/11/2023;51;40;121
1010;22767;3/11/2023;55;41;110
1018;22768;3/11/2023;59;32;139
1006;22769;3/11/2023;43;42;107
1013;22770;3/11/2023;51;37;121
1019;22771;3/11/2023;43;50;115
1016;22772;3/11/2023;51;51;125
1004;22773;4/11/2023;44;51;112
1029;22774;4/11/2023;35;35;105
1014;22775;4/11/2023;44;51;120
1009;22776;4/11/2023;51;36;124
1017;22777;4/11/2023;51;43;123
1027;22778;4/11/2023;43;53;107
1002;22779;4/11/2023;46;42;114
1016;22780;4/11/2023;51;49;123
1008;22781;5/11/2023;39;33;106
1030;22782;5/11/2023;43;46;116
1007;22783;5/11/2023;43;54;115
1026;22784;5/11/2023;51;47;124
1019;22785;5/11/2023;40;47;100
1004;22786;6/11/2023;62;45;146
1014;22787;6/11/2023;41;38;102
1009;22788;6/11/2023;65;49;152
1008;22789;6/11/2023;42;39;109
1003;22790;6/11/2023;45;48;111
1013;22791;6/11/2023;40;44;108
1002;22792;6/11/2023;51;46;125
1018;22793;6/11/2023;48;38;126
1017;22794;6/11/2023;46;45;114
1027;22795;6/11/2023;48;39;122
1006;22796;6/11/2023;50;36;130
1016;22797;6/11/2023;61;45;134
1004;22798;8/11/2023;39;56;106
1009;22799;8/11/2023;61;46;134
1012;22800;8/11/2023;43;47;116
1003;22801;8/11/2023;48;47;126
1002;22802;8/11/2023;40;49;100
1018;22803;8/11/2023;54;41;128
1017;22804;8/11/2023;48;48;122
1010;22805;8/11/2023;44;36;120
1028;22806;8/11/2023;41;38;102
1027;22807;8/11/2023;54;57;128
1006;22808;8/11/2023;43;39;115
1026;22809;8/11/2023;43;38;116
1025;22810;8/11/2023;51;50;121
1016;22811;8/11/2023;40;45;108
1009;22812;9/11/2023;48;40;126
1014;22813;9/11/2023;43;47;119
1015;22814;10/11/2023;43;36;117
1008;22815;10/11/2023;39;48;106
1001;22816;10/11/2023;51;52;121
1030;22817;10/11/2023;55;38;110
1028;22818;10/11/2023;51;37;121
1027;22819;10/11/2023;39;42;104
1026;22820;10/11/2023;61;41;144
1025;22821;10/11/2023;35;52;105
1024;22822;10/11/2023;43;52;119
1014;22823;11/11/2023;44;43;112
1001;22824;11/11/2023;43;46;117
1011;22825;11/11/2023;42;48;109
1021;22826;11/11/2023;55;55;110
1003;22827;12/11/2023;43;40;129
1002;22828;12/11/2023;41;66;102
1022;22829;12/11/2023;37;41;101
1004;22830;12/11/2023;56;54;137
1030;22831;12/11/2023;43;50;113
1029;22832;12/11/2023;51;54;124
1027;22833;12/11/2023;43;45;107
1006;22834;12/11/2023;43;40;119
1024;22835;12/11/2023;37;51;99
1021;22836;12/11/2023;55;51;110
1023;22837;12/11/2023;43;41;116
1005;22838;13/11/2023;45;48;111
1001;22839;13/11/2023;46;37;114
1010;22840;13/11/2023;45;53;118
1025;22841;13/11/2023;44;37;132
1012;22842;14/11/2023;48;38;126
1018;22843;14/11/2023;44;42;120
1002;22844;14/11/2023;35;45;105
1029;22845;14/11/2023;51;40;123
1020;22846;14/11/2023;51;44;124
1021;22847;14/11/2023;51;42;131
1016;22848;14/11/2023;43;52;115
1021;22849;14/11/2023;37;46;101
1016;22850;14/11/2023;45;36;111
1023;22851;14/11/2023;61;54;134
1011;22852;15/11/2023;43;46;117
1005;22853;15/11/2023;44;55;112
1004;22854;15/11/2023;43;41;107
1011;22855;15/11/2023;46;30;114
1006;22856;15/11/2023;34;53;94
1024;22857;15/11/2023;61;32;133
1019;22858;15/11/2023;32;30;95
1023;22859;15/11/2023;55;43;110
1013;22860;16/11/2023;48;32;122
1021;22861;16/11/2023;42;49;109
1015;22862;17/11/2023;37;32;99
1012;22863;17/11/2023;37;43;99
1030;22864;17/11/2023;44;42;120
1005;22865;17/11/2023;35;41;105
1007;22866;17/11/2023;40;39;108
1011;22867;17/11/2023;43;39;116
1029;22868;17/11/2023;43;39;115
1006;22869;17/11/2023;37;34;97
1019;22870;17/11/2023;32;48;95
1020;22871;17/11/2023;54;39;128
1022;22872;17/11/2023;39;47;106
1012;22873;18/11/2023;40;36;108
1029;22874;18/11/2023;44;40;120
1030;22875;18/11/2023;40;40;108
1010;22876;18/11/2023;44;41;132
1006;22877;18/11/2023;41;44;102
1021;22878;18/11/2023;51;49;123
1002;22879;19/11/2023;37;45;99
1005;22880;19/11/2023;60;47;142
1009;22881;19/11/2023;43;40;116
1007;22882;19/11/2023;51;47;121
1026;22883;19/11/2023;43;40;113
1020;22884;19/11/2023;56;59;137
1028;22885;19/11/2023;40;42;100
1019;22886;19/11/2023;31;31;91
1023;22887;19/11/2023;35;42;105
1008;22888;20/11/2023;43;26;129
1008;22889;20/11/2023;41;43;103
1012;22890;20/11/2023;51;57;121
1030;22891;20/11/2023;37;49;99
1029;22892;20/11/2023;43;55;129
1017;22893;20/11/2023;43;44;117
1006;22894;20/11/2023;40;36;100
1021;22895;20/11/2023;51;43;121
1014;22896;21/11/2023;48;40;126
1004;22897;21/11/2023;43;44;119
1011;22898;21/11/2023;65;39;152
1024;22899;21/11/2023;44;38;120
1023;22900;21/11/2023;51;52;131
1014;22901;22/11/2023;51;41;124
1012;22902;22/11/2023;43;49;117
1009;22903;22/11/2023;51;31;131
1007;22904;22/11/2023;34;34;96
1001;22905;22/11/2023;43;43;119
1011;22906;22/11/2023;63;58;147
1030;22907;22/11/2023;41;44;102
1018;22908;22/11/2023;43;45;116
1029;22909;22/11/2023;43;48;117
1017;22910;22/11/2023;44;48;112
1027;22911;22/11/2023;45;49;111
1019;22912;22/11/2023;51;37;121
1024;22913;22/11/2023;51;43;123
1023;22914;22/11/2023;37;51;101
1014;22915;24/11/2023;43;48;113
1028;22916;24/11/2023;31;35;89
1005;22917;24/11/2023;51;40;121
1003;22918;24/11/2023;40;46;100
1017;22919;24/11/2023;45;44;111
1010;22920;24/11/2023;51;50;131
1027;22921;24/11/2023;35;49;105
1009;22922;24/11/2023;58;40;136
1021;22923;24/11/2023;45;41;118
1022;22924;24/11/2023;39;39;106
1018;22925;25/11/2023;51;38;123
1002;22926;25/11/2023;44;42;112
1015;22927;25/11/2023;40;41;108
1007;22928;25/11/2023;43;37;115
1020;22929;25/11/2023;35;52;105
1022;22930;25/11/2023;43;57;107
1010;22931;26/11/2023;40;52;108
1028;22932;26/11/2023;37;35;97
1014;22933;26/11/2023;50;34;130
1003;22934;26/11/2023;43;38;113
1001;22935;26/11/2023;43;58;113
1007;22936;26/11/2023;35;49;105
1002;22937;26/11/2023;45;39;118
1016;22938;26/11/2023;44;45;132
1004;22939;27/11/2023;56;48;138
1009;22940;27/11/2023;55;42;110
1008;22941;27/11/2023;43;49;107
1020;22942;27/11/2023;46;43;114
1022;22943;27/11/2023;39;49;104
1003;22944;28/11/2023;43;54;115
1013;22945;28/11/2023;51;35;124
1007;22946;28/11/2023;54;55;128
1002;22947;28/11/2023;43;59;115
1001;22948;28/11/2023;51;52;124
1017;22949;28/11/2023;39;51;106
1026;22950;28/11/2023;51;38;121
1025;22951;28/11/2023;51;46;124
1014;22952;29/11/2023;59;44;139
1008;22953;29/11/2023;43;39;107
1005;22954;29/11/2023;44;49;112
1029;22955;29/11/2023;51;40;124
1028;22956;29/11/2023;35;51;105
1016;22957;29/11/2023;61;41;134
1025;22958;29/11/2023;43;47;117
1007;22959;30/11/2023;32;35;95
1003;22960;30/11/2023;45;41;118
1013;22961;30/11/2023;60;48;142
1002;22962;30/11/2023;54;52;128
1030;22963;30/11/2023;45;47;135
1018;22964;30/11/2023;61;48;133
1017;22965;30/11/2023;37;42;101
1006;22966;30/11/2023;44;51;120
1021;22967;30/11/2023;44;47;120
1014;22968;1/12/2023;50;44;130
1026;22969;1/12/2023;34;42;94
1005;22970;1/12/2023;39;48;106
1001;22971;1/12/2023;51;46;125
1029;22972;1/12/2023;51;42;121
1024;22973;1/12/2023;45;43;111
1022;22974;2/12/2023;43;40;113
1012;22975;2/12/2023;43;36;117
1008;22976;2/12/2023;37;49;101
1002;22977;2/12/2023;43;57;129
1010;22978;2/12/2023;44;44;132
1006;22979;2/12/2023;51;41;124
1013;22980;2/12/2023;43;28;129
1024;22981;2/12/2023;43;44;116
1026;22982;2/12/2023;44;47;120
1020;22983;2/12/2023;45;56;118
1025;22984;2/12/2023;51;47;123
1023;22985;2/12/2023;43;48;107
1009;22986;4/12/2023;48;41;122
1025;22987;4/12/2023;43;38;117
1010;22988;5/12/2023;62;37;146
1023;22989;5/12/2023;39;45;106
1015;22990;6/12/2023;48;32;126
1008;22991;6/12/2023;41;42;102
1007;22992;6/12/2023;51;45;121
1017;22993;6/12/2023;41;55;102
1011;22994;6/12/2023;43;49;113
1005;22995;6/12/2023;41;46;103
1027;22996;6/12/2023;55;53;110
1006;22997;6/12/2023;45;57;111
1026;22998;6/12/2023;63;47;147
1022;22999;6/12/2023;45;51;111
1021;23000;6/12/2023;55;50;110
1010;23001;7/12/2023;43;46;119
1023;23002;7/12/2023;61;59;133
1004;23003;8/12/2023;51;48;125
1014;23004;8/12/2023;51;45;123
1012;23005;8/12/2023;43;31;119
1001;23006;8/12/2023;61;34;133
1002;23007;8/12/2023;51;55;124
1018;23008;8/12/2023;56;39;138
1028;23009;8/12/2023;41;28;103
1013;23010;8/12/2023;37;37;99
1030;23011;8/12/2023;44;44;112
1024;23012;8/12/2023;39;40;106
1016;23013;8/12/2023;39;47;106
1019;23014;8/12/2023;44;48;112
1020;23015;8/12/2023;41;40;103
1023;23016;9/12/2023;51;55;123
1004;23017;11/12/2023;62;47;146
1014;23018;11/12/2023;39;43;104
1008;23019;11/12/2023;51;30;123
1012;23020;11/12/2023;46;31;114
1003;23021;11/12/2023;58;42;136
1011;23022;11/12/2023;48;35;122
1018;23023;11/12/2023;61;39;134
1029;23024;11/12/2023;51;47;121
1010;23025;11/12/2023;61;48;133
1028;23026;11/12/2023;43;38;113
1027;23027;11/12/2023;32;60;93
1025;23028;11/12/2023;51;43;131
1022;23029;11/12/2023;44;35;132
1026;23030;12/12/2023;54;36;127
1001;23031;12/12/2023;44;45;120
1006;23032;12/12/2023;39;41;106
1024;23033;12/12/2023;43;41;119
1022;23034;12/12/2023;43;49;119
1015;23035;13/12/2023;48;33;122
1008;23036;13/12/2023;45;35;111
1005;23037;13/12/2023;45;47;135
1013;23038;13/12/2023;43;47;115
1030;23039;13/12/2023;43;46;119
1010;23040;13/12/2023;55;43;140
1027;23041;13/12/2023;43;58;117
1020;23042;13/12/2023;43;53;117
1024;23043;13/12/2023;44;49;112
1013;23044;14/12/2023;43;42;116
1001;23045;14/12/2023;43;44;116
1026;23046;14/12/2023;37;34;101
1016;23047;14/12/2023;51;48;124
1025;23048;14/12/2023;54;47;128
1019;23049;14/12/2023;46;49;114
1022;23050;14/12/2023;51;40;121
1015;23051;15/12/2023;56;47;137
1004;23052;15/12/2023;51;54;124
1012;23053;15/12/2023;43;39;107
1030;23054;15/12/2023;43;45;129
1005;23055;15/12/2023;39;32;104
1001;23056;15/12/2023;54;34;128
1028;23057;15/12/2023;34;48;96
1024;23058;15/12/2023;48;33;122
1010;23059;16/12/2023;62;49;146
1012;23060;16/12/2023;29;36;82
1007;23061;16/12/2023;54;49;127
1017;23062;16/12/2023;54;36;127
1013;23063;16/12/2023;45;31;118
1021;23064;16/12/2023;51;42;124
1019;23065;16/12/2023;44;44;120
1016;23066;16/12/2023;43;46;117
1025;23067;16/12/2023;51;45;125
1022;23068;16/12/2023;61;42;144
1001;23069;17/12/2023;46;55;114
1030;23070;17/12/2023;55;39;110
1010;23071;17/12/2023;54;46;128
1024;23072;17/12/2023;44;54;112
1019;23073;17/12/2023;46;37;114
1004;23074;18/12/2023;39;44;104
1009;23075;18/12/2023;54;34;127
1007;23076;18/12/2023;45;38;135
1027;23077;18/12/2023;46;51;114
1013;23078;18/12/2023;40;40;108
1011;23079;18/12/2023;50;40;130
1018;23080;18/12/2023;43;53;116
1020;23081;18/12/2023;51;51;125
1016;23082;18/12/2023;50;46;130
1025;23083;18/12/2023;62;42;143
1023;23084;18/12/2023;42;41;109
1029;23085;19/12/2023;43;39;113
1010;23086;19/12/2023;44;47;132
1019;23087;19/12/2023;42;42;109
1021;23088;19/12/2023;44;59;132
1004;23089;20/12/2023;54;36;127
1014;23090;20/12/2023;39;49;106
1009;23091;20/12/2023;61;38;144
1007;23092;20/12/2023;51;44;124
1005;23093;20/12/2023;39;41;104
1002;23094;20/12/2023;41;49;102
1027;23095;20/12/2023;54;37;127
1006;23096;20/12/2023;51;48;124
1026;23097;20/12/2023;45;36;111
1025;23098;20/12/2023;43;37;119
1008;23099;21/12/2023;45;41;111
1007;23100;21/12/2023;39;35;104
1018;23101;21/12/2023;61;38;134
1010;23102;21/12/2023;45;51;118
1028;23103;21/12/2023;43;41;116
1006;23104;21/12/2023;46;36;114
1017;23105;21/12/2023;45;40;118
1019;23106;21/12/2023;43;51;117
1004;23107;22/12/2023;51;38;121
1002;23108;22/12/2023;43;45;117
1027;23109;22/12/2023;48;63;122
1013;23110;22/12/2023;48;48;122
1025;23111;22/12/2023;44;37;120
1021;23112;22/12/2023;43;57;129
1003;23113;23/12/2023;45;41;111
1022;23114;23/12/2023;40;34;108
1029;23115;23/12/2023;39;46;104
1009;23116;23/12/2023;55;33;110
1012;23117;23/12/2023;32;47;95
1005;23118;23/12/2023;43;39;119
1002;23119;23/12/2023;48;38;126
1011;23120;23/12/2023;43;41;119
1018;23121;23/12/2023;44;42;120
1006;23122;23/12/2023;32;37;95
1021;23123;23/12/2023;48;49;126
1026;23124;23/12/2023;61;52;144
1025;23125;23/12/2023;38;40;98
1003;23126;25/12/2023;43;41;129
1016;23127;25/12/2023;44;43;120
1023;23128;25/12/2023;43;43;115
1013;23129;25/12/2023;43;56;119
1024;23130;25/12/2023;46;47;114
1015;23131;26/12/2023;43;47;119
1008;23132;26/12/2023;44;52;112
1030;23133;26/12/2023;45;43;118
1018;23134;26/12/2023;43;29;129
1029;23135;26/12/2023;43;46;115
1027;23136;26/12/2023;43;44;117
1006;23137;26/12/2023;45;48;118
1019;23138;26/12/2023;50;46;130
1022;23139;26/12/2023;43;45;113
1015;23140;27/12/2023;41;34;102
1014;23141;27/12/2023;33;43;92
1002;23142;27/12/2023;48;47;122
1018;23143;27/12/2023;43;27;129
1027;23144;27/12/2023;43;33;113
1026;23145;27/12/2023;55;37;110
1001;23146;28/12/2023;54;43;128
1029;23147;28/12/2023;44;35;112
1017;23148;28/12/2023;45;38;118
1006;23149;28/12/2023;39;47;104
1016;23150;28/12/2023;60;53;142
1019;23151;28/12/2023;35;57;105
1021;23152;28/12/2023;41;43;102
1023;23153;28/12/2023;61;42;133
1015;23154;29/12/2023;55;43;110
1014;23155;29/12/2023;43;49;117
1007;23156;29/12/2023;45;37;111
1001;23157;29/12/2023;44;52;120
1011;23158;29/12/2023;55;51;110
1027;23159;29/12/2023;54;42;127
1024;23160;29/12/2023;61;39;133
1016;23161;29/12/2023;32;36;93
1019;23162;29/12/2023;61;43;134
1022;23163;29/12/2023;43;54;117
1020;23164;30/12/2023;43;43;117
1008;23165;30/12/2023;43;41;129
1009;23166;30/12/2023;55;34;140
1017;23167;30/12/2023;40;45;108
1006;23168;30/12/2023;35;53;105
1021;23169;30/12/2023;48;47;122
1015;23170;31/12/2023;48;42;126
1030;23171;31/12/2023;37;39;101
1018;23172;31/12/2023;51;46;124
1029;23173;31/12/2023;43;47;129
1024;23174;31/12/2023;44;35;112
1028;23175;31/12/2023;33;34;92
1003;23176;1/1/2024;44;49;112
1005;23177;1/1/2024;51;47;124
1010;23178;1/1/2024;43;46;113
1027;23179;1/1/2024;58;39;136
1020;23180;1/1/2024;54;53;127
1024;23181;1/1/2024;42;47;109
1016;23182;1/1/2024;45;44;111
1022;23183;1/1/2024;51;37;121
1004;23184;2/1/2024;55;43;110
1018;23185;2/1/2024;54;38;127
1029;23186;2/1/2024;44;53;112
1028;23187;2/1/2024;39;46;106
1025;23188;2/1/2024;39;48;104
1021;23189;2/1/2024;51;36;121
1009;23190;3/1/2024;60;44;142
1007;23191;3/1/2024;55;62;140
1011;23192;3/1/2024;60;49;141
1017;23193;3/1/2024;39;28;106
1028;23194;3/1/2024;45;43;111
1027;23195;3/1/2024;44;48;112
1026;23196;3/1/2024;48;43;126
1003;23197;3/1/2024;43;52;116
1020;23198;3/1/2024;66;43;154
1024;23199;3/1/2024;48;32;122
1025;23200;3/1/2024;56;58;138
1023;23201;3/1/2024;34;50;96
1030;23202;4/1/2024;51;42;121
1021;23203;4/1/2024;54;33;127
1009;23204;5/1/2024;64;39;150
1001;23205;5/2/2024;48;56;126
1004;23206;5/3/2024;33;38;92
1007;23207;5/4/2024;46;52;114
1002;23208;5/5/2024;51;51;124
1029;23209;5/6/2024;32;43;95
1027;23210;5/7/2024;32;38;95
1006;23211;5/8/2024;39;41;104
1026;23212;5/9/2024;59;52;139
1024;23213;5/10/2024;43;44;113
1016;23214;5/11/2024;44;38;120
1025;23215;5/12/2024;45;42;135
1023;23216;5/1/2024;43;35;113
1021;23217;5/1/2024;43;45;113
1015;23218;6/1/2024;35;45;105
1009;23219;6/1/2024;37;38;101
1004;23220;6/1/2024;42;34;109
1027;23221;6/1/2024;44;46;112
1007;23222;7/1/2024;43;44;117
1002;23223;7/1/2024;54;44;127
1025;23224;7/1/2024;40;25;100
1014;23225;7/1/2024;43;57;117
1026;23226;7/1/2024;43;44;115
1024;23227;7/1/2024;43;50;115
1016;23228;7/1/2024;51;38;131
1021;23229;7/1/2024;45;43;118
1023;23230;7/1/2024;39;40;106
1015;23231;8/1/2024;54;38;128
1009;23232;8/1/2024;61;39;133
1012;23233;8/1/2024;44;44;112
1013;23234;8/1/2024;44;45;120
1010;23235;8/1/2024;43;38;116
1022;23236;8/1/2024;56;44;138
1014;23237;9/1/2024;33;46;92
1008;23238;9/1/2024;55;40;110
1003;23239;9/1/2024;44;55;112
1026;23240;9/1/2024;41;33;103
1023;23241;9/1/2024;44;39;132
1009;23242;10/1/2024;44;54;112
1008;23243;10/1/2024;40;43;108
1012;23244;10/1/2024;38;36;98
1001;23245;10/1/2024;54;46;127
1013;23246;10/1/2024;44;38;120
1011;23247;10/1/2024;59;55;139
1006;23248;10/1/2024;51;46;124
1021;23249;10/1/2024;35;43;105
1020;23250;10/1/2024;51;40;124
1022;23251;10/1/2024;48;36;126
1007;23252;11/1/2024;45;47;111
1010;23253;11/1/2024;45;54;135
1018;23254;11/1/2024;59;54;139
1026;23255;11/1/2024;54;38;128
1023;23256;11/1/2024;42;37;109
1008;23257;12/1/2024;55;46;110
1011;23258;12/1/2024;40;28;108
1004;23259;12/1/2024;44;46;112
1030;23260;12/1/2024;45;45;135
1017;23261;12/1/2024;43;45;116
1028;23262;12/1/2024;43;46;119
1006;23263;12/1/2024;51;36;131
1013;23264;12/1/2024;37;41;99
1020;23265;12/1/2024;60;56;145
1016;23266;12/1/2024;51;48;125
1001;23267;13/1/2024;60;50;145
1011;23268;13/1/2024;37;50;99
1018;23269;13/1/2024;44;46;112
1010;23270;13/1/2024;43;50;129
1028;23271;13/1/2024;34;35;94
1030;23272;13/1/2024;43;47;116
1026;23273;13/1/2024;40;34;108
1020;23274;13/1/2024;44;52;132
1016;23275;14/1/2024;43;40;117
1013;23276;14/1/2024;39;44;104
1017;23277;14/1/2024;42;41;109
1010;23278;14/1/2024;62;40;143
1019;23279;14/1/2024;43;36;116
1004;23280;15/1/2024;51;41;124
1026;23281;15/1/2024;51;42;125
1015;23282;15/1/2024;43;33;117
1003;23283;15/1/2024;34;41;94
1011;23284;15/1/2024;42;57;109
1028;23285;15/1/2024;43;42;116
1007;23286;15/1/2024;42;48;109
1005;23287;15/1/2024;34;52;96
1022;23288;15/1/2024;32;50;95
1020;23289;15/1/2024;44;46;132
1023;23290;15/1/2024;44;44;112
1004;23291;16/1/2024;48;32;126
1024;23292;16/1/2024;43;46;119
1022;23293;16/1/2024;54;39;128
1008;23294;17/1/2024;43;40;117
1005;23295;17/1/2024;51;45;121
1003;23296;17/1/2024;42;51;109
1007;23297;17/1/2024;45;55;135
1001;23298;17/1/2024;43;54;117
1011;23299;17/1/2024;39;41;106
1029;23300;17/1/2024;44;50;132
1023;23301;17/1/2024;54;45;127
1019;23302;17/1/2024;35;41;105
1005;23303;18/1/2024;55;38;110
1003;23304;18/1/2024;43;47;113
1020;23305;18/1/2024;43;38;129
1025;23306;18/1/2024;51;38;121
1017;23307;18/1/2024;45;39;118
1014;23308;19/1/2024;42;36;109
1012;23309;19/1/2024;51;40;124
1001;23310;19/1/2024;40;38;100
1029;23311;19/1/2024;42;42;109
1013;23312;19/1/2024;40;44;108
1019;23313;19/1/2024;45;47;118
1023;23314;19/1/2024;44;44;112
1008;23315;20/1/2024;45;40;135
1015;23316;20/1/2024;54;46;127
1012;23317;20/1/2024;31;47;89
1003;23318;20/1/2024;48;61;126
1011;23319;20/1/2024;32;45;95
1017;23320;20/1/2024;37;50;97
1027;23321;20/1/2024;54;56;127
1006;23322;20/1/2024;51;52;125
1022;23323;21/1/2024;51;45;125
1015;23324;21/1/2024;39;40;104
1014;23325;21/1/2024;35;44;105
1027;23326;21/1/2024;43;49;107
1024;23327;21/1/2024;43;44;117
1023;23328;21/1/2024;61;45;134
1004;23329;22/1/2024;61;48;133
1014;23330;22/1/2024;37;34;99
1008;23331;22/1/2024;43;42;113
1005;23332;22/1/2024;40;47;100
1017;23333;22/1/2024;51;36;125
1026;23334;22/1/2024;55;48;110
1024;23335;22/1/2024;43;39;115
1025;23336;22/1/2024;48;51;122
1009;23337;23/1/2024;42;38;109
1002;23338;23/1/2024;41;40;103
1018;23339;23/1/2024;45;43;111
1029;23340;23/1/2024;66;57;153
1022;23341;23/1/2024;54;36;127
1015;23342;24/1/2024;43;49;107
1008;23343;24/1/2024;43;44;113
1013;23344;24/1/2024;34;44;96
1010;23345;24/1/2024;48;46;126
1027;23346;24/1/2024;51;37;131
1026;23347;24/1/2024;42;33;109
1030;23348;24/1/2024;46;38;114
1021;23349;24/1/2024;61;49;134
1015;23350;25/1/2024;40;35;108
1009;23351;25/1/2024;61;55;134
1003;23352;25/1/2024;48;44;122
1013;23353;25/1/2024;55;31;110
1002;23354;25/1/2024;34;32;94
1021;23355;25/1/2024;61;33;133
1023;23356;25/1/2024;60;30;141
1009;23357;26/1/2024;61;48;133
1012;23358;26/1/2024;39;32;104
1011;23359;26/1/2024;62;36;143
1005;23360;26/1/2024;43;45;107
1029;23361;26/1/2024;31;41;83
1010;23362;26/1/2024;40;51;100
1028;23363;26/1/2024;43;43;107
1030;23364;26/1/2024;43;59;116
1008;23365;27/1/2024;39;45;104
1003;23366;27/1/2024;51;46;125
1016;23367;27/1/2024;45;44;111
1002;23368;27/1/2024;39;40;106
1012;23369;27/1/2024;48;35;122
1001;23370;27/1/2024;34;52;96
1010;23371;27/1/2024;60;45;141
1021;23372;27/1/2024;61;50;144
1030;23373;27/1/2024;43;39;113
1026;23374;27/1/2024;43;43;115
1008;23375;28/1/2024;44;53;120
1009;23376;28/1/2024;43;44;116
1014;23377;28/1/2024;43;40;113
1011;23378;28/1/2024;48;51;126
1019;23379;28/1/2024;34;48;96
1007;23380;29/1/2024;45;46;118
1012;23381;29/1/2024;33;41;92
1013;23382;29/1/2024;35;44;105
1002;23383;29/1/2024;63;50;147
1001;23384;29/1/2024;45;40;118
1030;23385;29/1/2024;43;36;113
1018;23386;29/1/2024;37;38;101
1028;23387;29/1/2024;34;37;94
1027;23388;29/1/2024;45;56;135
1026;23389;29/1/2024;51;35;131
1016;23390;29/1/2024;43;47;113
1019;23391;29/1/2024;50;39;130
1003;23392;30/1/2024;45;45;118
1001;23393;30/1/2024;43;40;129
1011;23394;30/1/2024;56;46;138
1006;23395;30/1/2024;43;33;107
1021;23396;30/1/2024;43;42;119
1015;23397;31/1/2024;42;45;109
1007;23398;31/1/2024;54;33;128
1012;23399;31/1/2024;55;40;110
1013;23400;31/1/2024;43;49;115
1018;23401;31/1/2024;35;53;105
1030;23402;31/1/2024;38;41;98
1017;23403;31/1/2024;51;45;121
1027;23404;31/1/2024;37;29;99
1002;23405;31/1/2024;44;27;120
1019;23406;31/1/2024;43;39;119
1003;23407;1/2/2024;42;60;109
1001;23408;1/2/2024;35;54;105
1028;23409;1/2/2024;37;43;101
1020;23410;1/2/2024;51;43;124
1015;23411;2/2/2024;41;43;102
1008;23412;2/2/2024;51;38;125
1009;23413;2/2/2024;48;39;122
1011;23414;2/2/2024;43;43;129
1030;23415;2/2/2024;43;55;113
1018;23416;2/2/2024;48;44;126
1017;23417;2/2/2024;39;38;106
1028;23418;2/2/2024;37;37;101
1027;23419;2/2/2024;45;49;135
1016;23420;2/2/2024;44;48;120
1004;23421;3/2/2024;51;44;121
1011;23422;3/2/2024;60;57;141
1006;23423;3/2/2024;43;47;115
1030;23424;3/2/2024;37;54;101
1026;23425;3/2/2024;43;42;117
1003;23426;3/2/2024;35;51;105
1008;23427;4/2/2024;37;36;99
1015;23428;4/2/2024;44;35;112
1013;23429;4/2/2024;32;45;95
1012;23430;4/2/2024;37;43;99
1001;23431;4/2/2024;51;57;131
1018;23432;4/2/2024;45;45;135
1017;23433;4/2/2024;45;58;111
1020;23434;4/2/2024;51;52;123
1016;23435;4/2/2024;44;42;112
1004;23436;5/2/2024;41;51;102
1007;23437;5/2/2024;58;45;136
1012;23438;5/2/2024;45;34;118
1002;23439;5/2/2024;38;38;98
1011;23440;5/2/2024;61;39;144
1029;23441;5/2/2024;56;51;138
1009;23442;6/2/2024;44;25;132
1003;23443;6/2/2024;51;37;123
1013;23444;6/2/2024;51;45;121
1002;23445;6/2/2024;43;43;107
1006;23446;6/2/2024;43;48;129
1020;23447;6/2/2024;51;48;124
1024;23448;6/2/2024;46;49;114
1015;23449;7/2/2024;39;47;106
1012;23450;7/2/2024;43;38;117
1013;23451;7/2/2024;43;45;116
1001;23452;7/2/2024;51;45;125
1004;23453;7/2/2024;39;40;104
1025;23454;7/2/2024;44;33;120
1022;23455;7/2/2024;39;37;106
1014;23456;8/2/2024;54;39;127
1009;23457;8/2/2024;42;30;109
1003;23458;8/2/2024;40;46;108
1002;23459;8/2/2024;32;34;95
1010;23460;8/2/2024;35;35;105
1028;23461;8/2/2024;55;34;110
1024;23462;8/2/2024;43;37;129
1019;23463;8/2/2024;48;38;122
1023;23464;8/2/2024;39;39;106
1004;23465;9/2/2024;51;49;121
1005;23466;9/2/2024;43;41;107
1001;23467;9/2/2024;61;49;133
1010;23468;9/2/2024;44;53;120
1025;23469;9/2/2024;45;42;135
1023;23470;9/2/2024;59;32;139
1026;23471;10/2/2024;62;54;146
1022;23472;10/2/2024;44;35;112
1002;23473;10/2/2024;51;41;123
1015;23474;10/2/2024;43;39;113
1014;23475;10/2/2024;46;48;114
1012;23476;10/2/2024;43;43;115
1005;23477;10/2/2024;32;40;95
1003;23478;10/2/2024;45;32;111
1011;23479;10/2/2024;48;41;122
1021;23480;10/2/2024;43;52;113
1019;23481;10/2/2024;32;42;84
1013;23482;11/2/2024;39;45;106
1018;23483;11/2/2024;54;36;127
1007;23484;12/2/2024;51;43;121
1012;23485;12/2/2024;45;46;111
1005;23486;12/2/2024;37;47;99
1011;23487;12/2/2024;48;49;126
1010;23488;12/2/2024;44;51;112
1028;23489;12/2/2024;29;36;87
1027;23490;12/2/2024;35;39;105
1026;23491;12/2/2024;44;56;112
1020;23492;12/2/2024;43;44;107
1022;23493;12/2/2024;40;36;100
1014;23494;13/2/2024;43;48;113
1002;23495;13/2/2024;55;37;110
1010;23496;13/2/2024;37;38;97
1019;23497;13/2/2024;42;44;109
1024;23498;13/2/2024;50;39;130
1023;23499;13/2/2024;51;47;125
1004;23500;14/2/2024;39;39;104
1014;23501;14/2/2024;45;34;118
1012;23502;14/2/2024;48;46;122
1005;23503;14/2/2024;51;56;125
1007;23504;14/2/2024;40;36;108
1001;23505;14/2/2024;58;51;136
1029;23506;14/2/2024;61;39;133
1028;23507;14/2/2024;51;46;121
1026;23508;14/2/2024;43;55;116
1020;23509;14/2/2024;48;44;122
1024;23510;14/2/2024;43;54;116
1016;23511;14/2/2024;38;45;98
1021;23512;14/2/2024;51;47;125
1028;23513;15/2/2024;43;40;113
1020;23514;15/2/2024;56;48;137
1019;23515;15/2/2024;31;35;91
1005;23516;22/2/2024;51;45;121
1004;23517;22/2/2024;34;38;96
1009;23518;22/2/2024;43;42;129
1007;23519;22/2/2024;42;33;109
1026;23520;22/2/2024;51;39;123
1018;23521;22/2/2024;43;44;129
1029;23522;22/2/2024;54;43;127
1006;23523;22/2/2024;44;45;112
1020;23524;22/2/2024;43;54;107
1016;23525;22/2/2024;50;60;130
1025;23526;22/2/2024;54;42;127
1021;23527;22/2/2024;54;48;128
1004;23528;23/2/2024;39;51;104
1011;23529;23/2/2024;51;54;121
1029;23530;23/2/2024;32;54;95
1018;23531;23/2/2024;63;56;147
1028;23532;23/2/2024;32;41;95
1027;23533;23/2/2024;46;54;114
1019;23534;23/2/2024;44;45;112
1021;23535;23/2/2024;37;53;97
1017;23536;23/2/2024;43;52;107
1023;23537;23/2/2024;51;46;123
1008;23538;24/2/2024;42;36;109
1003;23539;24/2/2024;41;39;102
1017;23540;24/2/2024;37;51;101
1004;23541;25/2/2024;38;41;98
1024;23542;25/2/2024;51;51;123
1009;23543;25/2/2024;61;46;133
1015;23544;25/2/2024;35;40;105
1021;23545;25/2/2024;41;42;103
1029;23546;25/2/2024;39;49;106
1027;23547;25/2/2024;55;50;110
1011;23548;25/2/2024;42;44;109
1020;23549;25/2/2024;54;38;128
1019;23550;25/2/2024;30;56;80
1022;23551;25/2/2024;43;39;107
1009;23552;26/2/2024;48;43;122
1003;23553;26/2/2024;43;44;113
1028;23554;26/2/2024;29;40;86
1025;23555;26/2/2024;55;41;110
1015;23556;27/2/2024;44;41;112
1014;23557;27/2/2024;40;38;108
1007;23558;27/2/2024;51;47;121
1003;23559;27/2/2024;33;38;92
1001;23560;27/2/2024;43;56;117
1011;23561;27/2/2024;51;55;124
1010;23562;27/2/2024;51;51;123
1006;23563;27/2/2024;32;39;95
1017;23564;27/2/2024;46;46;114
1019;23565;27/2/2024;34;40;96
1018;23566;27/2/2024;44;55;112
1005;23567;28/2/2024;51;44;125
1009;23568;28/2/2024;51;50;123
1006;23569;28/2/2024;44;74;132
1017;23570;28/2/2024;55;39;110
1016;23571;28/2/2024;43;43;117
1022;23572;28/2/2024;44;36;112
1014;23573;29/2/2024;43;45;115
1012;23574;29/2/2024;37;42;99
1003;23575;29/2/2024;37;56;99
1002;23576;29/2/2024;51;43;124
1030;23577;29/2/2024;44;45;132
1024;23578;29/2/2024;55;51;110
1016;23579;29/2/2024;41;41;103
1023;23580;29/2/2024;61;45;134
1004;23581;1/3/2024;51;48;121
1008;23582;1/3/2024;40;42;100
1005;23583;1/3/2024;35;47;105
1001;23584;1/3/2024;56;47;138
1029;23585;1/3/2024;43;47;129
1017;23586;1/3/2024;44;44;120
1028;23587;1/3/2024;33;30;92
1006;23588;1/3/2024;37;44;97
1022;23589;1/3/2024;55;49;140
1002;23590;2/3/2024;46;45;114
1013;23591;2/3/2024;48;34;126
1028;23592;2/3/2024;40;45;100
1023;23593;2/3/2024;46;31;114
1024;23594;2/3/2024;42;47;109
1026;23595;3/3/2024;43;45;116
1017;23596;3/3/2024;30;54;88
1001;23597;3/3/2024;55;51;140
1005;23598;3/3/2024;45;45;111
1014;23599;3/3/2024;43;48;113
1030;23600;3/3/2024;43;45;117
1007;23601;3/3/2024;38;39;98
1024;23602;3/3/2024;55;50;110
1002;23603;4/3/2024;41;33;102
1017;23604;4/3/2024;43;40;119
1010;23605;4/3/2024;43;46;113
1020;23606;4/3/2024;54;51;127
1025;23607;4/3/2024;42;51;109
1023;23608;4/3/2024;43;55;116
1012;23609;5/3/2024;31;31;89
1005;23610;5/3/2024;38;45;98
1003;23611;5/3/2024;40;40;100
1013;23612;5/3/2024;45;42;118
1002;23613;5/3/2024;44;44;112
1007;23614;5/3/2024;35;42;105
1027;23615;5/3/2024;46;51;114
1026;23616;5/3/2024;44;41;120
1016;23617;5/3/2024;43;51;107
1015;23618;6/3/2024;42;35;109
1027;23619;6/3/2024;43;38;116
1004;23620;6/3/2024;42;47;109
1011;23621;6/3/2024;44;42;112
1020;23622;6/3/2024;43;45;117
1019;23623;6/3/2024;44;32;120
1021;23624;6/3/2024;51;50;125
1023;23625;6/3/2024;44;34;120
1009;23626;7/3/2024;45;39;111
1008;23627;7/3/2024;45;50;118
1026;23628;7/3/2024;46;45;114
1024;23629;7/3/2024;44;49;120
1025;23630;7/3/2024;51;46;131
1021;23631;7/3/2024;48;48;122
1016;23632;7/3/2024;43;45;115
1015;23633;8/3/2024;44;54;112
1004;23634;8/3/2024;32;42;95
1003;23635;8/3/2024;38;43;98
1007;23636;8/3/2024;43;46;113
1018;23637;8/3/2024;43;45;107
1028;23638;8/3/2024;33;38;92
1019;23639;8/3/2024;43;49;107
1023;23640;8/3/2024;51;38;123
1022;23641;9/3/2024;44;45;112
1008;23642;9/3/2024;51;56;124
1012;23643;9/3/2024;55;45;110
1021;23644;9/3/2024;43;39;113
1024;23645;9/3/2024;43;41;107
1016;23646;9/3/2024;60;32;142
1019;23647;9/3/2024;54;52;128
1022;23648;10/3/2024;43;52;117
1025;23649;10/3/2024;39;44;104
1014;23650;10/3/2024;37;46;97
1013;23651;10/3/2024;40;51;108
1011;23652;10/3/2024;41;41;103
1018;23653;10/3/2024;51;46;124
1007;23654;10/3/2024;37;31;101
1003;23655;10/3/2024;29;50;73
1023;23656;10/3/2024;44;56;120
1008;23657;11/3/2024;46;51;114
1007;23658;11/3/2024;45;37;111
1030;23659;11/3/2024;41;50;102
1006;23660;11/3/2024;33;43;92
1016;23661;11/3/2024;51;42;125
1019;23662;11/3/2024;37;38;99
1003;23663;12/3/2024;39;51;106
1018;23664;12/3/2024;45;50;111
1028;23665;12/3/2024;42;53;109
1030;23666;12/3/2024;37;42;101
1020;23667;12/3/2024;43;38;107
1025;23668;12/3/2024;43;51;129
1022;23669;12/3/2024;40;34;100
1014;23670;13/3/2024;46;34;114
1008;23671;13/3/2024;43;58;113
1013;23672;13/3/2024;30;42;88
1009;23673;13/3/2024;43;47;129
1029;23674;13/3/2024;32;43;95
1028;23675;13/3/2024;38;46;98
1026;23676;13/3/2024;42;42;109
1025;23677;13/3/2024;44;44;120
1019;23678;13/3/2024;39;49;106
1001;23679;14/3/2024;54;33;127
1010;23680;14/3/2024;46;37;114
1027;23681;14/3/2024;45;47;135
1006;23682;14/3/2024;45;36;111
1019;23683;14/3/2024;32;45;93
1018;23684;14/3/2024;48;34;126
1008;23685;15/3/2024;32;48;95
1012;23686;15/3/2024;34;48;96
1005;23687;15/3/2024;41;40;103
1029;23688;15/3/2024;44;40;112
1030;23689;15/3/2024;39;44;106
1020;23690;15/3/2024;51;49;124
1027;23691;16/3/2024;43;48;117
1029;23692;16/3/2024;48;39;126
1004;23693;16/3/2024;42;41;109
1009;23694;16/3/2024;51;50;121
1028;23695;16/3/2024;44;36;112
1006;23696;16/3/2024;54;51;127
1023;23697;16/3/2024;51;39;121
1020;23698;16/3/2024;40;51;100
1025;23699;16/3/2024;31;42;91
1010;23700;17/3/2024;55;35;140
1008;23701;17/3/2024;37;44;101
1026;23702;17/3/2024;43;60;107
1015;23703;17/3/2024;39;40;104
1014;23704;17/3/2024;45;39;111
1030;23705;17/3/2024;48;50;122
1022;23706;17/3/2024;32;40;93
1009;23707;18/3/2024;41;45;103
1004;23708;18/3/2024;38;46;98
1001;23709;18/3/2024;43;53;119
1006;23710;18/3/2024;55;40;110
1020;23711;18/3/2024;39;47;104
1025;23712;18/3/2024;51;59;121
1021;23713;18/3/2024;44;39;112
1023;23714;18/3/2024;58;48;136
1015;23715;19/3/2024;46;44;114
1014;23716;19/3/2024;44;41;112
1002;23717;19/3/2024;31;42;91
1030;23718;19/3/2024;43;48;107
1017;23719;19/3/2024;44;37;112
1008;23720;20/3/2024;41;46;103
1007;23721;20/3/2024;39;37;104
1005;23722;20/3/2024;31;31;89
1001;23723;20/3/2024;48;37;122
1018;23724;20/3/2024;43;45;119
1019;23725;20/3/2024;41;38;103
1024;23726;20/3/2024;43;55;115
1021;23727;20/3/2024;56;48;137
1015;23728;21/3/2024;42;45;109
1014;23729;21/3/2024;51;40;121
1010;23730;21/3/2024;43;40;115
1027;23731;21/3/2024;54;49;127
1026;23732;21/3/2024;43;43;113
1016;23733;21/3/2024;43;42;113
1024;23734;21/3/2024;54;38;128
1005;23735;22/3/2024;41;36;103
1008;23736;22/3/2024;41;42;102
1030;23737;22/3/2024;37;56;97
1017;23738;22/3/2024;39;46;104
1013;23739;22/3/2024;30;34;88
1019;23740;22/3/2024;43;41;117
1021;23741;22/3/2024;45;64;111
1023;23742;22/3/2024;37;54;101
1003;23743;23/3/2024;35;47;105
1014;23744;23/3/2024;43;49;107
1011;23745;23/3/2024;44;43;132
1030;23746;23/3/2024;39;34;106
1027;23747;23/3/2024;63;44;147
1006;23748;23/3/2024;43;29;113
1015;23749;23/3/2024;44;55;112
1019;23750;23/3/2024;45;45;111
1008;23751;24/3/2024;37;46;101
1022;23752;24/3/2024;43;37;107
1013;23753;24/3/2024;51;44;121
1017;23754;24/3/2024;46;44;114
1010;23755;24/3/2024;45;57;118
1023;23756;24/3/2024;64;41;150
1007;23757;25/3/2024;43;47;115
1005;23758;25/3/2024;30;30;88
1003;23759;25/3/2024;51;52;124
1011;23760;25/3/2024;44;44;120
1030;23761;25/3/2024;39;40;104
1027;23762;25/3/2024;55;45;110
1006;23763;25/3/2024;35;46;105
1020;23764;25/3/2024;35;46;105
1016;23765;25/3/2024;54;50;128
1025;23766;25/3/2024;40;40;108
1022;23767;25/3/2024;43;36;116
1010;23768;26/3/2024;51;61;124
1013;23769;26/3/2024;33;39;92
1029;23770;26/3/2024;44;37;112
1025;23771;26/3/2024;34;42;96
1015;23772;27/3/2024;43;44;119
1014;23773;27/3/2024;32;39;93
1012;23774;27/3/2024;45;38;118
1005;23775;27/3/2024;37;28;101
1004;23776;27/3/2024;43;51;107
1011;23777;27/3/2024;44;41;120
1018;23778;27/3/2024;48;49;126
1017;23779;27/3/2024;39;40;106
1028;23780;27/3/2024;51;39;124
1006;23781;27/3/2024;51;54;125
1020;23782;27/3/2024;45;36;111
1016;23783;27/3/2024;37;38;97
1011;23784;28/3/2024;51;53;123
1029;23785;28/3/2024;43;48;107
1015;23786;29/3/2024;29;47;87
1014;23787;29/3/2024;37;38;97
1009;23788;29/3/2024;42;46;109
1012;23789;29/3/2024;37;41;97
1007;23790;29/3/2024;43;37;117
1002;23791;29/3/2024;51;43;125
1030;23792;29/3/2024;50;46;130
1018;23793;29/3/2024;54;38;128
1013;23794;29/3/2024;60;44;142
1016;23795;29/3/2024;38;46;98
1020;23796;29/3/2024;40;51;100
1025;23797;29/3/2024;41;45;103
1029;23798;30/3/2024;33;41;92
1014;23799;30/3/2024;45;43;118
1011;23800;30/3/2024;43;39;113
1016;23801;31/3/2024;50;51;130
1015;23802;31/3/2024;43;42;107
1005;23803;31/3/2024;44;30;120
1012;23804;31/3/2024;45;31;118
1002;23805;31/3/2024;39;38;104
1030;23806;31/3/2024;43;45;113
1017;23807;31/3/2024;37;37;101
1027;23808;31/3/2024;43;43;107
1003;23809;31/3/2024;44;46;112
1025;23810;31/3/2024;54;44;127
1014;23811;1/4/2024;39;33;104
1009;23812;1/4/2024;61;47;133
1008;23813;1/4/2024;40;41;108
1012;23814;1/4/2024;39;40;104
1029;23815;1/4/2024;45;37;111
1006;23816;1/4/2024;37;51;101
1015;23817;2/4/2024;43;44;117
1005;23818;2/4/2024;45;40;111
1013;23819;2/4/2024;42;39;109
1004;23820;2/4/2024;42;42;109
1017;23821;2/4/2024;43;39;113
1020;23822;2/4/2024;43;33;113
1016;23823;2/4/2024;55;52;110
1025;23824;2/4/2024;42;56;109
1021;23825;2/4/2024;39;52;104
1015;23826;3/4/2024;44;39;120
1012;23827;3/4/2024;29;36;86
1002;23828;3/4/2024;43;50;115
1001;23829;3/4/2024;45;46;135
1011;23830;3/4/2024;51;48;121
1029;23831;3/4/2024;40;35;108
1017;23832;3/4/2024;61;50;133
1010;23833;3/4/2024;37;44;101
1024;23834;3/4/2024;48;43;122
1026;23835;4/4/2024;42;53;109
1003;23836;4/4/2024;44;39;120
1013;23837;4/4/2024;35;51;105
1027;23838;4/4/2024;55;29;110
1022;23839;4/4/2024;41;48;102
1015;23840;5/4/2024;41;45;102
1009;23841;5/4/2024;48;39;126
1012;23842;5/4/2024;51;36;124
1001;23843;5/4/2024;37;51;101
1029;23844;5/4/2024;42;41;109
1010;23845;5/4/2024;45;45;111
1028;23846;5/4/2024;40;49;108
1027;23847;5/4/2024;39;45;104
1006;23848;5/4/2024;40;57;108
1026;23849;5/4/2024;40;41;108
1024;23850;5/4/2024;37;49;97
1022;23851;5/4/2024;51;51;131
1023;23852;6/4/2024;43;40;116
1002;23853;6/4/2024;43;48;113
1028;23854;6/4/2024;34;44;96
1016;23855;6/4/2024;60;47;142
1022;23856;7/4/2024;44;48;120
1026;23857;7/4/2024;63;47;147
1009;23858;7/4/2024;43;37;117
1024;23859;7/4/2024;43;38;115
1005;23860;7/4/2024;50;49;130
1014;23861;7/4/2024;43;40;113
1012;23862;7/4/2024;45;36;118
1001;23863;7/4/2024;51;40;124
1030;23864;7/4/2024;48;59;126
1010;23865;7/4/2024;42;38;109
1002;23866;7/4/2024;31;46;77
1021;23867;7/4/2024;45;47;118
1023;23868;7/4/2024;43;41;117
1005;23869;9/4/2024;51;40;123
1004;23870;9/4/2024;44;51;120
1012;23871;9/4/2024;39;39;104
1010;23872;9/4/2024;39;49;104
1011;23873;9/4/2024;45;59;111
1018;23874;9/4/2024;44;42;112
1017;23875;9/4/2024;50;44;130
1028;23876;9/4/2024;29;49;87
1027;23877;9/4/2024;45;37;118
1006;23878;9/4/2024;43;39;117
1020;23879;9/4/2024;32;44;95
1019;23880;9/4/2024;40;47;100
1024;23881;9/4/2024;33;38;92
1023;23882;9/4/2024;44;40;120
1007;23883;10/4/2024;55;47;110
1013;23884;10/4/2024;33;46;92
1002;23885;10/4/2024;39;56;106
1011;23886;10/4/2024;46;38;114
1018;23887;10/4/2024;54;62;127
1010;23888;10/4/2024;43;43;117
1016;23889;10/4/2024;43;44;116
1022;23890;10/4/2024;40;44;108
1008;23891;11/4/2024;35;38;105
1001;23892;11/4/2024;42;36;109
1020;23893;11/4/2024;51;49;124
1025;23894;11/4/2024;51;32;123
1019;23895;11/4/2024;33;49;92
1015;23896;12/4/2024;54;39;127
1004;23897;12/4/2024;51;44;125
1003;23898;12/4/2024;45;31;111
1007;23899;12/4/2024;43;41;129
1001;23900;12/4/2024;51;53;131
1030;23901;12/4/2024;51;49;121
1018;23902;12/4/2024;51;38;125
1017;23903;12/4/2024;42;44;109
1028;23904;12/4/2024;44;42;120
1013;23905;12/4/2024;51;37;125
1026;23906;12/4/2024;31;49;89
1019;23907;12/4/2024;43;48;107
1021;23908;12/4/2024;42;53;109
1025;23909;12/4/2024;43;35;107
1022;23910;12/4/2024;42;44;109
1004;23911;14/4/2024;43;57;107
1014;23912;14/4/2024;43;43;113
1003;23913;14/4/2024;44;53;120
1013;23914;14/4/2024;45;46;118
1009;23915;14/4/2024;168;48;157
1007;23916;14/4/2024;55;43;110
1001;23917;14/4/2024;44;48;132
1025;23918;14/4/2024;51;51;121
1022;23919;14/4/2024;35;51;105
1021;23920;14/4/2024;51;42;123
1030;23921;14/4/2024;51;54;123
1018;23922;14/4/2024;45;58;135
1029;23923;14/4/2024;40;39;108
1017;23924;14/4/2024;39;36;106
1028;23925;14/4/2024;45;43;111
1029;23926;16/4/2024;39;50;106
1025;23927;16/4/2024;45;49;118
1004;23928;17/4/2024;35;49;105
1006;23929;17/4/2024;51;47;131
1013;23930;19/4/2024;44;47;112
1029;23931;19/4/2024;35;45;105
1007;23932;20/4/2024;37;54;97
1017;23933;20/4/2024;44;52;120
1003;23934;20/4/2024;45;55;111
1016;23935;20/4/2024;46;49;114
1001;23936;21/4/2024;46;44;114
1022;23937;21/4/2024;42;45;109
1010;23938;21/4/2024;42;47;109
1018;23939;21/4/2024;34;44;94
1007;23940;22/4/2024;34;48;96
1003;23941;22/4/2024;39;46;104
1016;23942;22/4/2024;37;45;101
1017;23943;23/4/2024;35;39;105
1010;23944;23/4/2024;40;40;108
1022;23945;23/4/2024;32;47;93
1016;23946;24/4/2024;37;39;101
1018;23947;24/4/2024;51;37;124
1014;23948;25/4/2024;51;51;121
1004;23949;25/4/2024;51;36;125
1023;23950;25/4/2024;35;38;105
1009;23951;26/4/2024;51;50;121
1026;23952;26/4/2024;37;36;101
1024;23953;26/4/2024;42;28;109
1014;23954;27/4/2024;44;43;112
1029;23955;27/4/2024;31;45;85
1013;23956;27/4/2024;32;36;84
1023;23957;27/4/2024;43;46;119
1004;23958;28/4/2024;33;42;92
1026;23959;28/4/2024;45;42;111
1009;23960;28/4/2024;48;38;126
1024;23961;28/4/2024;43;33;116
1013;23962;29/4/2024;30;42;88
1029;23963;29/4/2024;31;50;89
1016;23964;29/4/2024;40;45;108
1003;23965;30/4/2024;39;40;106
1007;23966;30/4/2024;39;39;104
1010;23967;30/4/2024;43;44;115
1001;23968;1/5/2024;45;56;118
1022;23969;1/5/2024;32;45;93
1009;23970;2/5/2024;44;44;120
1004;23971;2/5/2024;43;46;115
1014;23972;3/5/2024;41;48;103
1026;23973;3/5/2024;46;45;114
1016;23974;4/5/2024;37;34;99
1007;23975;5/5/2024;39;48;106
1003;23976;6/5/2024;51;40;121
1016;23977;6/5/2024;30;50;80
1001;23978;7/5/2024;44;55;120
1018;23979;7/5/2024;43;52;117
1003;23980;8/5/2024;50;44;130
1001;23981;9/5/2024;34;31;94
1018;23982;9/5/2024;55;41;110
1009;23983;10/5/2024;45;42;111
1017;23984;10/5/2024;30;32;90
1026;23985;11/5/2024;35;48;105
1007;23986;11/5/2024;32;35;93
1026;23987;13/5/2024;32;47;96
1003;23988;14/5/2024;40;53;121
1016;23989;14/5/2024;38;38;112
1001;23990;15/5/2024;39;43;113
1018;23991;15/5/2024;40;33;92
1017;23992;16/5/2024;38;62;115
1009;23993;17/5/2024;40;47;116
1026;23994;18/5/2024;41;47;117
1003;23995;19/5/2024;39;28;109
1016;23996;19/5/2024;42;44;90
1001;23997;21/5/2024;49;43;133
1017;23998;22/5/2024;35;40;105
